id	filename	title	category	source_url	publisher	safety_note	rights_note
ag-soil-sare	building-soils-for-better-crops.pdf	Building Soils for Better Crops, Fourth Edition	Agriculture-Soil	https://www.sare.org/publications/bsbc/bsbc.pdf	USDA SARE	Base amendments on a local soil test; excess nutrients and contaminated amendments can damage soil and water.	Freely distributed by SARE; retain attribution and source metadata.
ag-soil-nrcs	soil-quality-test-kit-guide.pdf	Soil Quality Test Kit Guide	Agriculture-Soil	https://www.nrcs.usda.gov/sites/default/files/2022-10/Soil%20Quality%20Test%20Kit%20Guide.pdf	USDA NRCS	Field tests are screening tools and do not replace a certified laboratory for contaminants or legal determinations.	U.S. federal government publication.
ag-seed-saving	seed-saving-guide.pdf	A Seed Saving Guide for Gardeners and Farmers	Agriculture-Seeds	https://seedalliance.org/wp-content/uploads/2010/04/seed_saving_guide.pdf	Organic Seed Alliance	Keep seed dry, cool, labeled, and isolated as required; seed-borne disease and cross-pollination can compromise a crop.	Personal offline reference; review publisher terms before redistribution.
ag-vegetable-cornell	cornell-commercial-vegetable-ipm-preview-2024.pdf	Cornell Integrated Crop and Pest Management Guidelines for Commercial Vegetable Production - 2024 Preview	Agriculture-Vegetables	https://cropandpestguides.cce.cornell.edu/Preview/2024/2024_Vegetable_Preview.pdf	Cornell Cooperative Extension	Pesticide registrations and labels change; the current label and current New York law always control.	Cornell preview publication; personal offline reference, licensing review required before redistribution.
ag-crop-rotation	crop-rotation-on-organic-farms.pdf	Crop Rotation on Organic Farms: A Planning Manual	Agriculture-Vegetables	https://www.sare.org/wp-content/uploads/Crop-Rotation-on-Organic-Farms.pdf	USDA SARE	Adapt rotations to local soil, climate, disease history, labor, and market constraints.	Freely distributed by SARE; retain attribution and source metadata.
ag-field-crops-cornell	cornell-field-crop-management-2023-preview.pdf	Cornell Guide for Integrated Field Crop Management - 2023 Preview	Agriculture-Staples	https://cropandpestguides.cce.cornell.edu/Preview/2023/2023_Field_Crops_Preview.pdf	Cornell Cooperative Extension	Varieties, inputs, pesticide registrations, and labels change; verify current local guidance.	Cornell preview publication; personal offline reference, licensing review required before redistribution.
ag-orchards-usda	transitioning-organic-orchards.pdf	Transitioning to Organic Management of Orchards	Agriculture-Orchards	https://www.ams.usda.gov/sites/default/files/media/Transitioning%20to%20Organic%20Management%20of%20Orchards_FINAL.pdf	USDA Agricultural Marketing Service	Certification and pesticide requirements change; consult the current certifier and product label.	U.S. federal government publication.
ag-black-walnut-usfs	growing-black-walnut-for-nut-production.pdf	Growing Black Walnut for Nut Production	Agriculture-Orchards	https://research.fs.usda.gov/download/treesearch/44215.pdf	USDA Forest Service	Regional cultivar, disease, site, and pollination conditions control orchard success.	U.S. federal government publication.
ag-irrigation-nrcs	nrcs-national-irrigation-guide.pdf	National Engineering Handbook Part 652 - Irrigation Guide	Agriculture-Water	https://directives.nrcs.usda.gov/sites/default/files2/1720464454/Part%20652%20-%20Irrigation%20Guide.pdf	USDA NRCS	Wells, impoundments, pumps, electrical work, and water rights require qualified design and current local approval.	U.S. federal government publication.
ag-rainwater-twdb	rainwater-harvesting-manual-third-edition.pdf	Texas Manual on Rainwater Harvesting, Third Edition	Agriculture-Water	https://www.twdb.texas.gov/innovativewater/rainwater/doc/RainwaterHarvestingManual_3rdedition.pdf	Texas Water Development Board	Collected water is not automatically potable; treatment, cross-connection control, and current local code govern.	Public agency publication; retain attribution and review terms before redistribution.
ag-high-tunnels-sare	high-tunnels-season-extension.pdf	High Tunnels and Other Season Extension Techniques	Agriculture-Greenhouse	https://www.sare.org/wp-content/uploads/High-Tunnels-and-Other-Season-Extension-Techniques.pdf	USDA SARE	Structures must be designed for local wind, snow, anchoring, fire, ventilation, and electrical hazards.	Freely distributed by SARE; retain attribution and source metadata.
ag-hydroponics-usda	usda-hydroponic-aquaponic-task-force-report-2016.pdf	Hydroponic and Aquaponic Task Force Report	Agriculture-Greenhouse	https://www.ams.usda.gov/sites/default/files/media/2016%20Hydroponic%20Task%20Force%20Report.PDF	USDA Agricultural Marketing Service	This policy report is not a nutrient recipe or food-safety plan; verify current production and certification rules.	U.S. federal government publication.
ag-greenhouse-ipm-cornell	cornell-greenhouse-ipm-preview-2024-2025.pdf	Cornell Greenhouse Crops and Herbaceous Ornamentals IPM Guidelines - 2024-2025 Preview	Agriculture-IPM	https://cropandpestguides.cce.cornell.edu/Preview/2024/2024-25_GH_HO_Preview.pdf	Cornell Cooperative Extension	The current pesticide label, registration, worker protection standard, and New York law always control.	Cornell preview publication; personal offline reference, licensing review required before redistribution.
ag-small-farm-tools	equipment-tools-small-scale-intensive-crop-production.pdf	Equipment and Tools for Small-Scale Intensive Crop Production	Agriculture-Tools	https://projects.sare.org/media/pdf/e/q/u/equipment-and-tools-for-small-scale-intensive-crop-production-1.pdf	NCAT ATTRA / USDA SARE	Use guards, training, lockout, hearing and eye protection, and the current manufacturer manual.	Freely hosted sustainable-agriculture technical reference; review terms before redistribution.
ag-small-animals-fao	small-animals-for-small-farms.pdf	Small Animals for Small Farms, Second Edition	Agriculture-Livestock	https://www.fao.org/4/i2469e/i2469e00.pdf	Food and Agriculture Organization of the United Nations	Animal health, welfare, quarantine, slaughter, zoonotic disease, and veterinary requirements vary by place and species.	FAO publication; personal offline reference, review FAO reuse terms before redistribution.
ag-poultry-usda	organic-poultry-meat-eggs.pdf	Organic Poultry Production for Meat and Eggs	Agriculture-Livestock	https://www.ams.usda.gov/sites/default/files/media/Organic%20Poultry%20Production%20for%20Meat%20and%20Eggs_FINAL.pdf	USDA Agricultural Marketing Service	Use current biosecurity, food-safety, welfare, veterinary, processing, and certification requirements.	U.S. federal government publication.
ag-beekeeping-usda	usda-beekeeping-in-the-united-states.pdf	Beekeeping in the United States - Agriculture Handbook 335	Agriculture-Livestock	https://www.ars.usda.gov/ARSUserFiles/60500500/PDFFiles/1-100/015-USDA-%20Beekeeping%20in%20the.pdf	USDA Agricultural Research Service	Historical handbook; current disease, mite, pesticide, apiary, allergy, and state requirements control.	U.S. federal government publication.
ag-pasture-sare	pasture-grazing-management-pacific-northwest.pdf	Pasture and Grazing Management in the Pacific Northwest	Agriculture-Pasture	https://western.sare.org/wp-content/uploads/PNW0614.pdf	Pacific Northwest Extension / USDA SARE	Adapt stocking, forage, fencing, water, poisonous-plant, and winter-feed decisions to local conditions.	Extension/SARE publication; retain attribution and review terms before redistribution.
ag-pasture-condition-nrcs	national-pasture-condition-scoring-guide.pdf	National Pasture Condition Scoring Guide and Score Sheet	Agriculture-Pasture	https://www.nrcs.usda.gov/sites/default/files/2022-06/National_Pasture_Condition_Scoring_Guide_and_Score_Sheet_-_January_2020.pdf	USDA NRCS	A field score supports planning but does not replace a local conservationist, agronomist, or veterinarian.	U.S. federal government publication.
ag-hardiness-zones-usda	usda-plant-hardiness-zone-map-2023.pdf	USDA Plant Hardiness Zone Map - 2023 National Map	Agriculture-Calendar-Zones	https://planthardiness.ars.usda.gov/system/files/National_Map_HZ_36x24_300.pdf	USDA Agricultural Research Service / Oregon State University	Hardiness zones describe average annual extreme minimum temperature, not planting dates or every site microclimate.	Use unaltered with USDA/OSU attribution; map alteration and commercial reuse restrictions may apply.
ag-nyc-planting-cornell	cornell-nyc-vegetable-planting-calendar.pdf	New York City Vegetable Planting Calendar	Agriculture-New-York	https://harvestny.cce.cornell.edu/uploads/doc_160.pdf	Cornell Cooperative Extension	Dates are regional estimates; weather, frost, microclimate, variety, and current extension guidance control.	Cornell extension handout; personal offline reference, licensing review required before redistribution.
ag-ny-harvest-chart	ny-grown-produce-harvest-chart.pdf	New York Grown Produce Harvest Chart	Agriculture-New-York	https://www.ny.gov/sites/default/files/atoms/files/HarvestChart.pdf	State of New York	Seasonality is approximate and varies by region, cultivar, weather, and storage.	New York State public information; retain attribution and review terms before redistribution.
ag-storage-usda	usda-commercial-storage-handbook-66.pdf	The Commercial Storage of Fruits, Vegetables, and Florist and Nursery Stocks - Agriculture Handbook 66	Agriculture-Postharvest	https://www.ars.usda.gov/arsuserfiles/oc/np/commercialstorage/commercialstorage.pdf	USDA Agricultural Research Service	Cold storage, atmospheres, chemicals, and food-safety controls require current commodity-specific procedures.	U.S. federal government publication.
ag-root-cellar-purdue	storing-vegetables-fruits-at-home.pdf	Storing Vegetables and Fruits at Home	Agriculture-Postharvest	https://www.purdue.edu/hla/sites/yardandgarden/wp-content/uploads/sites/2/2016/10/HO-125.pdf	Purdue Cooperative Extension	Prevent flooding, collapse, rodents, mold, freezing, oxygen-deficient spaces, and unsafe food storage.	Extension publication; personal offline reference, review terms before redistribution.
ag-organic-planner-sare	organic-transition-planner.pdf	Organic Transition Planner	Agriculture-Planning	https://www.sare.org/wp-content/uploads/Organic-Transition-Planner.pdf	USDA SARE	Planning worksheets do not replace current legal, financial, certification, labor, or food-safety advice.	Freely distributed by SARE; retain attribution and source metadata.
ag-urban-farming-ny-cornell	guide-to-urban-farming-in-new-york-state.pdf	Guide to Urban Farming in New York State	Agriculture-Planning	https://smallfarms.cornell.edu/wp-content/uploads/2012/03/GuidetoUrbanFarminginNYS_160524-2-zninvt-196uuxg.pdf	Cornell Small Farms Program	Verify current zoning, land access, soil contamination, water, labor, food-safety, and business requirements.	Cornell publication; personal offline reference, licensing review required before redistribution.
