id	title	category	pages	pdf	text
atp-3-50.21-us-army-survival-2018	ATP 3 50.21 US Army Survival 2018	Free-PDFs	228	pdfs/ATP-3-50.21-US-Army-Survival-2018.pdf	text/ATP-3-50.21-US-Army-Survival-2018.txt
fema-are-you-ready-citizen-preparedness	Are You Ready? An In-Depth Guide to Citizen Preparedness	Free-PDFs	36	pdfs/FEMA-Are-You-Ready-Citizen-Preparedness.pdf	text/FEMA-Are-You-Ready-Citizen-Preparedness.txt
fema-p-320-taking-shelter-from-the-storm-2025	FEMA P-320	Free-PDFs	89	pdfs/FEMA-P-320-Taking-Shelter-From-The-Storm-2025.pdf	text/FEMA-P-320-Taking-Shelter-From-The-Storm-2025.txt
nuclear-war-survival-skills-1987-authorized	Nuclear War Survival Skills	Free-PDFs	317	pdfs/Nuclear-War-Survival-Skills-1987-Authorized.pdf	text/Nuclear-War-Survival-Skills-1987-Authorized.txt
who-icrc-basic-emergency-care-2018	WHO ICRC Basic Emergency Care 2018	Free-PDFs	240	pdfs/WHO-ICRC-Basic-Emergency-Care-2018.pdf	text/WHO-ICRC-Basic-Emergency-Care-2018.txt
00-introduction	00 Introduction	USDA-Home-Canning	12	pdfs/00-Introduction.pdf	text/00-Introduction.txt
01-principles	01 Principles	USDA-Home-Canning	40	pdfs/01-Principles.pdf	text/01-Principles.txt
02-fruits	02 Fruits	USDA-Home-Canning	32	pdfs/02-Fruits.pdf	text/02-Fruits.txt
03-tomatoes	03 Tomatoes	USDA-Home-Canning	26	pdfs/03-Tomatoes.pdf	text/03-Tomatoes.txt
04-vegetables	04 Vegetables	USDA-Home-Canning	22	pdfs/04-Vegetables.pdf	text/04-Vegetables.txt
05-meat-poultry-seafood	05 Meat Poultry Seafood	USDA-Home-Canning	16	pdfs/05-Meat-Poultry-Seafood.pdf	text/05-Meat-Poultry-Seafood.txt
06-fermented-pickled	06 Fermented Pickled	USDA-Home-Canning	36	pdfs/06-Fermented-Pickled.pdf	text/06-Fermented-Pickled.txt
07-jams-jellies	07 Jams Jellies	USDA-Home-Canning	13	pdfs/07-Jams-Jellies.pdf	text/07-Jams-Jellies.txt
nysdec-hunting-trapping-guide	New York Hunting and Trapping Regulations Guide	Hunting-Regulations	84	pdfs/fieldcraft/NYSDEC-Hunting-Trapping-Regulations-Guide.pdf	text/fieldcraft/nysdec-hunting-trapping-guide.txt
nysdec-trapper-education	New York Trapper Education Manual	Trapping-Skinning-Pelt	113	pdfs/fieldcraft/nysdec-trapper-education-manual.pdf	text/fieldcraft/nysdec-trapper-education.txt
ny-todays-hunter	Today's Hunter in New York Student Manual	Hunting-Firearm-Safety	108	pdfs/fieldcraft/todays-hunter-new-york-manual.pdf	text/fieldcraft/ny-todays-hunter.txt
tpwd-hunter-education	Complete Hunter Education Instructor Manual	Hunting-Firearm-Safety	93	pdfs/fieldcraft/tpwd-complete-hunter-education-manual.pdf	text/fieldcraft/tpwd-hunter-education.txt
tpwd-field-dressing	Now That You've Killed It: Field Dressing and Care	Skinning-Game-Prep	2	pdfs/fieldcraft/tpwd-now-that-you-have-killed-it.pdf	text/fieldcraft/tpwd-field-dressing.txt
osu-venison	Wild Game Food Safety: Venison	Cooking-Game-Food-Safety	4	pdfs/fieldcraft/ohio-state-venison.pdf	text/fieldcraft/osu-venison.txt
tamu-wild-game-storage	Packaging and Storing Wild Game at Home	Cooking-Game-Food-Safety	3	pdfs/fieldcraft/tamu-packaging-storing-wild-game.pdf	text/fieldcraft/tamu-wild-game-storage.txt
nysdec-fishing-regulations	New York Freshwater Fishing Regulations Guide	Fishing-Regulations	100	pdfs/fieldcraft/nysdec-freshwater-fishing-regulations.pdf	text/fieldcraft/nysdec-fishing-regulations.txt
tpwd-learn-to-fish	Learn to Fish: A Basic Guide for the Beginning Angler	Fishing-Safe-Prep	52	pdfs/fieldcraft/tpwd-learn-to-fish.pdf	text/fieldcraft/tpwd-learn-to-fish.txt
tpwd-basic-fly-fishing	Basic Fly Fishing for Students	Fly-Fishing	20	pdfs/fieldcraft/tpwd-basic-fly-fishing-student.pdf	text/fieldcraft/tpwd-basic-fly-fishing.txt
ca-parks-flint-steel	Making Fire with Flint and Steel	Fire-Building	16	pdfs/fieldcraft/california-parks-flint-and-steel.pdf	text/fieldcraft/ca-parks-flint-steel.txt
adfg-wildlife-safety	Wildlife Safety: The Life You Save May Be Your Own	Bear-Wolf-Wildlife-Safety	24	pdfs/fieldcraft/alaska-wildlife-safety.pdf	text/fieldcraft/adfg-wildlife-safety.txt
adfg-wolf-country	Living in Wolf Country	Wolf-Safety	7	pdfs/fieldcraft/alaska-living-in-wolf-country.pdf	text/fieldcraft/adfg-wolf-country.txt
nysdec-wolf-coyote-id	Distinguishing Wolves from Coyotes	Wolf-Coyote-Identification	1	pdfs/fieldcraft/nysdec-distinguishing-wolves-coyotes.pdf	text/fieldcraft/nysdec-wolf-coyote-id.txt
usfs-poison-plants	Outsmarting Poison Ivy and Its Relatives	Plant-Identification	6	pdfs/fieldcraft/usfs-poison-ivy-oak-sumac.pdf	text/fieldcraft/usfs-poison-plants.txt
uaf-outdoor-survival-shelters	Outdoor Survival Training for Alaska's Youth: Instructor and Student Manuals	Shelter-Improvised	157	pdfs/fieldcraft/uaf-outdoor-survival-training-alaska.pdf	text/fieldcraft/uaf-outdoor-survival-shelters.txt
ahfc-log-building-guide	Alaska Log Building Construction Guide	Shelter-Cabin-Construction	199	pdfs/fieldcraft/alaska-log-building-construction-guide.pdf	text/fieldcraft/ahfc-log-building-guide.txt
usfs-building-with-logs	Building with Logs	Shelter-Cabin-Construction	84	pdfs/fieldcraft/usfs-building-with-logs.pdf	text/fieldcraft/usfs-building-with-logs.txt
usfs-log-cabin-decay	Protecting Log Cabins from Decay	Shelter-Cabin-Maintenance	16	pdfs/fieldcraft/usfs-protecting-log-cabins-from-decay.pdf	text/fieldcraft/usfs-log-cabin-decay.txt
uaf-building-challenges-alaska	Building Challenges in Alaska	Shelter-Cold-Climate-Building	8	pdfs/fieldcraft/uaf-building-challenges-alaska.pdf	text/fieldcraft/uaf-building-challenges-alaska.txt
kjv-bible	The King James Version of the Bible	Religion-Christian-KJV	1001	pdfs/society/king-james-version-bible.pdf	text/society/kjv-bible.txt
douay-rheims-bible	The Bible, Douay-Rheims, Complete (Challoner Revision)	Religion-Catholic-Douay-Rheims	1417	pdfs/society/douay-rheims-catholic-bible.pdf	text/society/douay-rheims-bible.txt
eliphas-levi-transcendental-magic	Transcendental Magic: Its Doctrine and Ritual	Religion-Occult-History	454	pdfs/society/eliphas-levi-transcendental-magic.pdf	text/society/eliphas-levi-transcendental-magic.txt
us-founding-documents	U.S. Founding Documents: Declaration, Articles of Confederation, Constitution	Civics-Founding-Documents	32	pdfs/society/us-founding-documents-senate-manual.pdf	text/society/us-founding-documents.txt
us-government-manual-2025	The United States Government Manual, 2025 Edition	Civics-Government-Structure	2035	pdfs/society/us-government-manual-2025.pdf	text/society/us-government-manual-2025.txt
cia-kubark-1963	KUBARK Counterintelligence Interrogation, July 1963	FOIA-Historical-Abuse-Record	131	pdfs/society/cia-kubark-counterintelligence-interrogation-1963.pdf	text/society/cia-kubark-1963.txt
marcus-aurelius-meditations	Meditations	Philosophy-Ethics-Good-Life	145	readers/philosophy/marcus-aurelius-meditations.txt	readers/philosophy/marcus-aurelius-meditations.txt
epictetus-enchiridion	The Enchiridion	Philosophy-Ethics-Good-Life	36	readers/philosophy/epictetus-enchiridion.txt	readers/philosophy/epictetus-enchiridion.txt
epictetus-discourses	The Discourses	Philosophy-Ethics-Good-Life	115	readers/philosophy/epictetus-discourses.txt	readers/philosophy/epictetus-discourses.txt
seneca-moral-letters	Moral Letters to Lucilius	Philosophy-Ethics-Good-Life	1	readers/philosophy/seneca-moral-letters.txt	readers/philosophy/seneca-moral-letters.txt
aristotle-nicomachean-ethics	Nicomachean Ethics	Philosophy-Ethics-Good-Life	245	readers/philosophy/aristotle-nicomachean-ethics.txt	readers/philosophy/aristotle-nicomachean-ethics.txt
epicurus-principal-doctrines	Principal Doctrines	Philosophy-Ethics-Good-Life	1	readers/philosophy/epicurus-principal-doctrines.txt	readers/philosophy/epicurus-principal-doctrines.txt
epicurus-letter-menoeceus	Letter to Menoeceus	Philosophy-Ethics-Good-Life	1	readers/philosophy/epicurus-letter-menoeceus.txt	readers/philosophy/epicurus-letter-menoeceus.txt
cicero-on-duties	On Duties	Philosophy-Ethics-Good-Life	1	readers/philosophy/cicero-on-duties.txt	readers/philosophy/cicero-on-duties.txt
plutarch-moralia	Moralia	Philosophy-Ethics-Good-Life	1	readers/philosophy/plutarch-moralia.txt	readers/philosophy/plutarch-moralia.txt
boethius-consolation	The Consolation of Philosophy	Philosophy-Ethics-Good-Life	119	readers/philosophy/boethius-consolation.txt	readers/philosophy/boethius-consolation.txt
mill-utilitarianism	Utilitarianism	Philosophy-Ethics-Good-Life	59	readers/philosophy/mill-utilitarianism.txt	readers/philosophy/mill-utilitarianism.txt
sidgwick-methods-ethics	The Methods of Ethics	Philosophy-Ethics-Good-Life	458	readers/philosophy/sidgwick-methods-ethics.txt	readers/philosophy/sidgwick-methods-ethics.txt
plato-republic	The Republic	Philosophy-Government-Power	499	readers/philosophy/plato-republic.txt	readers/philosophy/plato-republic.txt
plato-laws	Laws	Philosophy-Government-Power	456	readers/philosophy/plato-laws.txt	readers/philosophy/plato-laws.txt
plato-statesman	Statesman	Philosophy-Government-Power	103	readers/philosophy/plato-statesman.txt	readers/philosophy/plato-statesman.txt
aristotle-politics	Politics	Philosophy-Government-Power	203	readers/philosophy/aristotle-politics.txt	readers/philosophy/aristotle-politics.txt
aristotle-athenian-constitution	The Athenian Constitution	Philosophy-Government-Power	59	readers/philosophy/aristotle-athenian-constitution.txt	readers/philosophy/aristotle-athenian-constitution.txt
more-utopia	Utopia	Philosophy-Government-Power	82	readers/philosophy/more-utopia.txt	readers/philosophy/more-utopia.txt
machiavelli-prince	The Prince	Philosophy-Government-Power	104	readers/philosophy/machiavelli-prince.txt	readers/philosophy/machiavelli-prince.txt
machiavelli-discourses	Discourses on Livy	Philosophy-Government-Power	1	readers/philosophy/machiavelli-discourses.txt	readers/philosophy/machiavelli-discourses.txt
hobbes-leviathan	Leviathan	Philosophy-Government-Power	461	readers/philosophy/hobbes-leviathan.txt	readers/philosophy/hobbes-leviathan.txt
locke-two-treatises	Two Treatises of Government	Philosophy-Government-Power	1	readers/philosophy/locke-two-treatises.txt	readers/philosophy/locke-two-treatises.txt
montesquieu-spirit-laws	The Spirit of Laws	Philosophy-Government-Power	1	readers/philosophy/montesquieu-spirit-laws.txt	readers/philosophy/montesquieu-spirit-laws.txt
rousseau-social-contract	The Social Contract	Philosophy-Government-Power	253	readers/philosophy/rousseau-social-contract.txt	readers/philosophy/rousseau-social-contract.txt
rousseau-inequality	Discourse on Inequality	Philosophy-Government-Power	58	readers/philosophy/rousseau-inequality.txt	readers/philosophy/rousseau-inequality.txt
burke-reflections	Reflections on the Revolution in France	Philosophy-Government-Power	1	readers/philosophy/burke-reflections.txt	readers/philosophy/burke-reflections.txt
paine-common-sense	Common Sense	Philosophy-Government-Power	54	readers/philosophy/paine-common-sense.txt	readers/philosophy/paine-common-sense.txt
paine-rights-man	Rights of Man	Philosophy-Government-Power	197	readers/philosophy/paine-rights-man.txt	readers/philosophy/paine-rights-man.txt
tocqueville-democracy-america	Democracy in America	Philosophy-Government-Power	396	readers/philosophy/tocqueville-democracy-america.txt	readers/philosophy/tocqueville-democracy-america.txt
mill-on-liberty	On Liberty	Philosophy-Government-Power	103	readers/philosophy/mill-on-liberty.txt	readers/philosophy/mill-on-liberty.txt
mill-representative-government	Considerations on Representative Government	Philosophy-Government-Power	187	readers/philosophy/mill-representative-government.txt	readers/philosophy/mill-representative-government.txt
wollstonecraft-rights-woman	A Vindication of the Rights of Woman	Philosophy-Government-Power	13	readers/philosophy/wollstonecraft-rights-woman.txt	readers/philosophy/wollstonecraft-rights-woman.txt
federalist-papers	The Federalist Papers	Philosophy-Government-Power	16	readers/philosophy/federalist-papers.txt	readers/philosophy/federalist-papers.txt
anti-federalist-papers	Selected Anti-Federalist Papers	Philosophy-Government-Power	1	readers/philosophy/anti-federalist-papers.txt	readers/philosophy/anti-federalist-papers.txt
sun-tzu-art-war	The Art of War	Philosophy-War-Peace	144	readers/philosophy/sun-tzu-art-war.txt	readers/philosophy/sun-tzu-art-war.txt
thucydides-peloponnesian-war	History of the Peloponnesian War	Philosophy-War-Peace	385	readers/philosophy/thucydides-peloponnesian-war.txt	readers/philosophy/thucydides-peloponnesian-war.txt
xenophon-cyropaedia	Cyropaedia	Philosophy-War-Peace	226	readers/philosophy/xenophon-cyropaedia.txt	readers/philosophy/xenophon-cyropaedia.txt
machiavelli-art-war	The Art of War	Philosophy-War-Peace	1	readers/philosophy/machiavelli-art-war.txt	readers/philosophy/machiavelli-art-war.txt
grotius-law-war-peace	On the Law of War and Peace	Philosophy-War-Peace	1	readers/philosophy/grotius-law-war-peace.txt	readers/philosophy/grotius-law-war-peace.txt
kant-perpetual-peace	Perpetual Peace	Philosophy-War-Peace	127	readers/philosophy/kant-perpetual-peace.txt	readers/philosophy/kant-perpetual-peace.txt
clausewitz-on-war	On War	Philosophy-War-Peace	604	readers/philosophy/clausewitz-on-war.txt	readers/philosophy/clausewitz-on-war.txt
tolstoy-war-peace	War and Peace	Philosophy-War-Peace	1322	readers/philosophy/tolstoy-war-peace.txt	readers/philosophy/tolstoy-war-peace.txt
tolstoy-kingdom-god	The Kingdom of God Is Within You	Philosophy-War-Peace	266	readers/philosophy/tolstoy-kingdom-god.txt	readers/philosophy/tolstoy-kingdom-god.txt
thoreau-civil-disobedience	Civil Disobedience	Philosophy-War-Peace	213	readers/philosophy/thoreau-civil-disobedience.txt	readers/philosophy/thoreau-civil-disobedience.txt
gandhi-hind-swaraj	Hind Swaraj	Philosophy-War-Peace	1	readers/philosophy/gandhi-hind-swaraj.txt	readers/philosophy/gandhi-hind-swaraj.txt
james-moral-equivalent-war	The Moral Equivalent of War	Philosophy-War-Peace	1	readers/philosophy/james-moral-equivalent-war.txt	readers/philosophy/james-moral-equivalent-war.txt
erasmus-complaint-peace	The Complaint of Peace	Philosophy-War-Peace	1	readers/philosophy/erasmus-complaint-peace.txt	readers/philosophy/erasmus-complaint-peace.txt
plato-apology	Apology	Philosophy-Mind-Human-Nature	37	readers/philosophy/plato-apology.txt	readers/philosophy/plato-apology.txt
plato-crito	Crito	Philosophy-Mind-Human-Nature	22	readers/philosophy/plato-crito.txt	readers/philosophy/plato-crito.txt
plato-phaedo	Phaedo	Philosophy-Mind-Human-Nature	97	readers/philosophy/plato-phaedo.txt	readers/philosophy/plato-phaedo.txt
plato-symposium	Symposium	Philosophy-Mind-Human-Nature	67	readers/philosophy/plato-symposium.txt	readers/philosophy/plato-symposium.txt
plato-meno	Meno	Philosophy-Mind-Human-Nature	63	readers/philosophy/plato-meno.txt	readers/philosophy/plato-meno.txt
plato-gorgias	Gorgias	Philosophy-Mind-Human-Nature	141	readers/philosophy/plato-gorgias.txt	readers/philosophy/plato-gorgias.txt
plato-phaedrus	Phaedrus	Philosophy-Mind-Human-Nature	84	readers/philosophy/plato-phaedrus.txt	readers/philosophy/plato-phaedrus.txt
plato-timaeus	Timaeus	Philosophy-Nature-Science	148	readers/philosophy/plato-timaeus.txt	readers/philosophy/plato-timaeus.txt
plato-protagoras	Protagoras	Philosophy-Mind-Human-Nature	67	readers/philosophy/plato-protagoras.txt	readers/philosophy/plato-protagoras.txt
plato-theaetetus	Theaetetus	Philosophy-Logic-Knowledge	151	readers/philosophy/plato-theaetetus.txt	readers/philosophy/plato-theaetetus.txt
aristotle-metaphysics	Metaphysics	Philosophy-Logic-Knowledge	1	readers/philosophy/aristotle-metaphysics.txt	readers/philosophy/aristotle-metaphysics.txt
aristotle-physics	Physics	Philosophy-Nature-Science	1	readers/philosophy/aristotle-physics.txt	readers/philosophy/aristotle-physics.txt
aristotle-on-soul	On the Soul	Philosophy-Mind-Human-Nature	1	readers/philosophy/aristotle-on-soul.txt	readers/philosophy/aristotle-on-soul.txt
aristotle-categories	Categories	Philosophy-Logic-Knowledge	38	readers/philosophy/aristotle-categories.txt	readers/philosophy/aristotle-categories.txt
aristotle-interpretation	On Interpretation	Philosophy-Logic-Knowledge	1	readers/philosophy/aristotle-interpretation.txt	readers/philosophy/aristotle-interpretation.txt
aristotle-prior-analytics	Prior Analytics	Philosophy-Logic-Knowledge	1	readers/philosophy/aristotle-prior-analytics.txt	readers/philosophy/aristotle-prior-analytics.txt
aristotle-posterior-analytics	Posterior Analytics	Philosophy-Logic-Knowledge	1	readers/philosophy/aristotle-posterior-analytics.txt	readers/philosophy/aristotle-posterior-analytics.txt
aristotle-topics	Topics	Philosophy-Logic-Knowledge	1	readers/philosophy/aristotle-topics.txt	readers/philosophy/aristotle-topics.txt
aristotle-rhetoric	Rhetoric	Philosophy-Logic-Knowledge	1	readers/philosophy/aristotle-rhetoric.txt	readers/philosophy/aristotle-rhetoric.txt
aristotle-poetics	Poetics	Philosophy-Philosophical-Literature	13	readers/philosophy/aristotle-poetics.txt	readers/philosophy/aristotle-poetics.txt
lucretius-nature	De Rerum Natura - On the Nature of Things	Philosophy-Nature-Science	215	readers/philosophy/lucretius-nature.txt	readers/philosophy/lucretius-nature.txt
diogenes-lives	Lives and Opinions of Eminent Philosophers	Philosophy-Mind-Human-Nature	417	readers/philosophy/diogenes-lives.txt	readers/philosophy/diogenes-lives.txt
cicero-ends	On the Ends of Good and Evil	Philosophy-Ethics-Good-Life	1	readers/philosophy/cicero-ends.txt	readers/philosophy/cicero-ends.txt
cicero-tusculan	Tusculan Disputations	Philosophy-Ethics-Good-Life	371	readers/philosophy/cicero-tusculan.txt	readers/philosophy/cicero-tusculan.txt
cicero-republic	On the Republic	Philosophy-Government-Power	78	readers/philosophy/cicero-republic.txt	readers/philosophy/cicero-republic.txt
sextus-pyrrhonism	Outlines of Pyrrhonism	Philosophy-Logic-Knowledge	1	readers/philosophy/sextus-pyrrhonism.txt	readers/philosophy/sextus-pyrrhonism.txt
plotinus-enneads	The Enneads	Philosophy-Meaning-Solitude	1	readers/philosophy/plotinus-enneads.txt	readers/philosophy/plotinus-enneads.txt
porphyry-life-plotinus	Life of Plotinus	Philosophy-Meaning-Solitude	1	readers/philosophy/porphyry-life-plotinus.txt	readers/philosophy/porphyry-life-plotinus.txt
plutarch-lives	Parallel Lives	Philosophy-Philosophical-Literature	451	readers/philosophy/plutarch-lives.txt	readers/philosophy/plutarch-lives.txt
bacon-novum-organum	Novum Organum	Philosophy-Logic-Knowledge	189	readers/philosophy/bacon-novum-organum.txt	readers/philosophy/bacon-novum-organum.txt
bacon-advancement-learning	The Advancement of Learning	Philosophy-Logic-Knowledge	162	readers/philosophy/bacon-advancement-learning.txt	readers/philosophy/bacon-advancement-learning.txt
descartes-discourse	Discourse on the Method	Philosophy-Logic-Knowledge	49	readers/philosophy/descartes-discourse.txt	readers/philosophy/descartes-discourse.txt
descartes-meditations	Meditations on First Philosophy	Philosophy-Logic-Knowledge	1	readers/philosophy/descartes-meditations.txt	readers/philosophy/descartes-meditations.txt
spinoza-ethics	Ethics	Philosophy-Ethics-Good-Life	203	readers/philosophy/spinoza-ethics.txt	readers/philosophy/spinoza-ethics.txt
spinoza-theological-political	Theological-Political Treatise	Philosophy-Government-Power	60	readers/philosophy/spinoza-theological-political.txt	readers/philosophy/spinoza-theological-political.txt
leibniz-monadology	The Monadology	Philosophy-Logic-Knowledge	1	readers/philosophy/leibniz-monadology.txt	readers/philosophy/leibniz-monadology.txt
berkeley-principles	Principles of Human Knowledge	Philosophy-Logic-Knowledge	76	readers/philosophy/berkeley-principles.txt	readers/philosophy/berkeley-principles.txt
hume-enquiry	An Enquiry Concerning Human Understanding	Philosophy-Logic-Knowledge	132	readers/philosophy/hume-enquiry.txt	readers/philosophy/hume-enquiry.txt
hume-treatise	A Treatise of Human Nature	Philosophy-Mind-Human-Nature	441	readers/philosophy/hume-treatise.txt	readers/philosophy/hume-treatise.txt
hume-dialogues	Dialogues Concerning Natural Religion	Philosophy-Logic-Knowledge	78	readers/philosophy/hume-dialogues.txt	readers/philosophy/hume-dialogues.txt
kant-critique-pure-reason	Critique of Pure Reason	Philosophy-Logic-Knowledge	424	readers/philosophy/kant-critique-pure-reason.txt	readers/philosophy/kant-critique-pure-reason.txt
kant-groundwork	Groundwork of the Metaphysics of Morals	Philosophy-Ethics-Good-Life	1	readers/philosophy/kant-groundwork.txt	readers/philosophy/kant-groundwork.txt
mill-system-logic	A System of Logic	Philosophy-Logic-Knowledge	774	readers/philosophy/mill-system-logic.txt	readers/philosophy/mill-system-logic.txt
peirce-selected-essays	Selected Philosophical Essays	Philosophy-Logic-Knowledge	1	readers/philosophy/peirce-selected-essays.txt	readers/philosophy/peirce-selected-essays.txt
james-pragmatism	Pragmatism	Philosophy-Logic-Knowledge	111	readers/philosophy/james-pragmatism.txt	readers/philosophy/james-pragmatism.txt
russell-problems	The Problems of Philosophy	Philosophy-Logic-Knowledge	88	readers/philosophy/russell-problems.txt	readers/philosophy/russell-problems.txt
wittgenstein-tractatus	Tractatus Logico-Philosophicus	Philosophy-Logic-Knowledge	1	readers/philosophy/wittgenstein-tractatus.txt	readers/philosophy/wittgenstein-tractatus.txt
whitehead-science-modern-world	Science and the Modern World	Philosophy-Nature-Science	176	readers/philosophy/whitehead-science-modern-world.txt	readers/philosophy/whitehead-science-modern-world.txt
emerson-nature	Nature	Philosophy-Nature-Science	40	readers/philosophy/emerson-nature.txt	readers/philosophy/emerson-nature.txt
thoreau-walden	Walden	Philosophy-Nature-Science	13	readers/philosophy/thoreau-walden.txt	readers/philosophy/thoreau-walden.txt
darwin-origin	On the Origin of Species	Philosophy-Nature-Science	332	readers/philosophy/darwin-origin.txt	readers/philosophy/darwin-origin.txt
darwin-descent	The Descent of Man	Philosophy-Nature-Science	668	readers/philosophy/darwin-descent.txt	readers/philosophy/darwin-descent.txt
kropotkin-mutual-aid	Mutual Aid	Philosophy-Nature-Science	192	readers/philosophy/kropotkin-mutual-aid.txt	readers/philosophy/kropotkin-mutual-aid.txt
humboldt-cosmos	Cosmos	Philosophy-Nature-Science	389	readers/philosophy/humboldt-cosmos.txt	readers/philosophy/humboldt-cosmos.txt
marsh-man-nature	Man and Nature	Philosophy-Nature-Science	496	readers/philosophy/marsh-man-nature.txt	readers/philosophy/marsh-man-nature.txt
muir-first-summer	My First Summer in the Sierra	Philosophy-Nature-Science	131	readers/philosophy/muir-first-summer.txt	readers/philosophy/muir-first-summer.txt
leopold-sand-county	A Sand County Almanac	Philosophy-Nature-Science	1	readers/philosophy/leopold-sand-county.txt	readers/philosophy/leopold-sand-county.txt
augustine-confessions	Confessions	Philosophy-Meaning-Solitude	195	readers/philosophy/augustine-confessions.txt	readers/philosophy/augustine-confessions.txt
augustine-city-god	The City of God	Philosophy-Government-Power	456	readers/philosophy/augustine-city-god.txt	readers/philosophy/augustine-city-god.txt
pascal-pensees	Pensees	Philosophy-Meaning-Solitude	1	readers/philosophy/pascal-pensees.txt	readers/philosophy/pascal-pensees.txt
schopenhauer-world-will	The World as Will and Representation	Philosophy-Meaning-Solitude	340	readers/philosophy/schopenhauer-world-will.txt	readers/philosophy/schopenhauer-world-will.txt
schopenhauer-essays	Essays and Aphorisms	Philosophy-Meaning-Solitude	83	readers/philosophy/schopenhauer-essays.txt	readers/philosophy/schopenhauer-essays.txt
kierkegaard-fear-trembling	Fear and Trembling	Philosophy-Meaning-Solitude	1	readers/philosophy/kierkegaard-fear-trembling.txt	readers/philosophy/kierkegaard-fear-trembling.txt
kierkegaard-sickness-death	The Sickness Unto Death	Philosophy-Meaning-Solitude	1	readers/philosophy/kierkegaard-sickness-death.txt	readers/philosophy/kierkegaard-sickness-death.txt
nietzsche-zarathustra	Thus Spoke Zarathustra	Philosophy-Meaning-Solitude	321	readers/philosophy/nietzsche-zarathustra.txt	readers/philosophy/nietzsche-zarathustra.txt
nietzsche-beyond-good-evil	Beyond Good and Evil	Philosophy-Ethics-Good-Life	131	readers/philosophy/nietzsche-beyond-good-evil.txt	readers/philosophy/nietzsche-beyond-good-evil.txt
nietzsche-genealogy	On the Genealogy of Morality	Philosophy-Ethics-Good-Life	118	readers/philosophy/nietzsche-genealogy.txt	readers/philosophy/nietzsche-genealogy.txt
nietzsche-gay-science	The Gay Science	Philosophy-Meaning-Solitude	1	readers/philosophy/nietzsche-gay-science.txt	readers/philosophy/nietzsche-gay-science.txt
nietzsche-twilight	Twilight of the Idols	Philosophy-Meaning-Solitude	170	readers/philosophy/nietzsche-twilight.txt	readers/philosophy/nietzsche-twilight.txt
nietzsche-birth-tragedy	The Birth of Tragedy	Philosophy-Philosophical-Literature	117	readers/philosophy/nietzsche-birth-tragedy.txt	readers/philosophy/nietzsche-birth-tragedy.txt
nietzsche-ecce-homo	Ecce Homo	Philosophy-Meaning-Solitude	134	readers/philosophy/nietzsche-ecce-homo.txt	readers/philosophy/nietzsche-ecce-homo.txt
tolstoy-confession	A Confession	Philosophy-Meaning-Solitude	1	readers/philosophy/tolstoy-confession.txt	readers/philosophy/tolstoy-confession.txt
james-varieties	The Varieties of Religious Experience	Philosophy-Mind-Human-Nature	401	readers/philosophy/james-varieties.txt	readers/philosophy/james-varieties.txt
confucius-analects	The Analects	Philosophy-World-Traditions	72	readers/philosophy/confucius-analects.txt	readers/philosophy/confucius-analects.txt
mencius	Mencius	Philosophy-World-Traditions	240	readers/philosophy/mencius.txt	readers/philosophy/mencius.txt
laozi-tao-te-ching	Tao Te Ching	Philosophy-World-Traditions	1	readers/philosophy/laozi-tao-te-ching.txt	readers/philosophy/laozi-tao-te-ching.txt
zhuangzi	The Book of Chuang Tzu	Philosophy-World-Traditions	342	readers/philosophy/zhuangzi.txt	readers/philosophy/zhuangzi.txt
mozi-selected	Selected Writings of Mozi	Philosophy-World-Traditions	1	readers/philosophy/mozi-selected.txt	readers/philosophy/mozi-selected.txt
i-ching	The I Ching - Book of Changes	Philosophy-World-Traditions	1	readers/philosophy/i-ching.txt	readers/philosophy/i-ching.txt
bhagavad-gita	The Bhagavad Gita	Philosophy-World-Traditions	1	readers/philosophy/bhagavad-gita.txt	readers/philosophy/bhagavad-gita.txt
upanishads	The Principal Upanishads	Philosophy-World-Traditions	61	readers/philosophy/upanishads.txt	readers/philosophy/upanishads.txt
dhammapada	The Dhammapada	Philosophy-World-Traditions	42	readers/philosophy/dhammapada.txt	readers/philosophy/dhammapada.txt
sutta-nipata	The Sutta Nipata	Philosophy-World-Traditions	1	readers/philosophy/sutta-nipata.txt	readers/philosophy/sutta-nipata.txt
jataka-selections	Jataka Tales - Selected Birth Stories	Philosophy-World-Traditions	359	readers/philosophy/jataka-selections.txt	readers/philosophy/jataka-selections.txt
patanjali-yoga-sutras	The Yoga Sutras of Patanjali	Philosophy-World-Traditions	76	readers/philosophy/patanjali-yoga-sutras.txt	readers/philosophy/patanjali-yoga-sutras.txt
santideva-bodhisattva	The Way of the Bodhisattva	Philosophy-World-Traditions	1	readers/philosophy/santideva-bodhisattva.txt	readers/philosophy/santideva-bodhisattva.txt
vivekananda-raja-yoga	Raja Yoga	Philosophy-World-Traditions	1	readers/philosophy/vivekananda-raja-yoga.txt	readers/philosophy/vivekananda-raja-yoga.txt
tagore-sadhana	Sadhana	Philosophy-World-Traditions	13	readers/philosophy/tagore-sadhana.txt	readers/philosophy/tagore-sadhana.txt
maimonides-guide	The Guide for the Perplexed	Philosophy-World-Traditions	526	readers/philosophy/maimonides-guide.txt	readers/philosophy/maimonides-guide.txt
maimonides-eight-chapters	Eight Chapters	Philosophy-World-Traditions	1	readers/philosophy/maimonides-eight-chapters.txt	readers/philosophy/maimonides-eight-chapters.txt
ibn-tufail-hayy	Hayy ibn Yaqzan	Philosophy-World-Traditions	1	readers/philosophy/ibn-tufail-hayy.txt	readers/philosophy/ibn-tufail-hayy.txt
al-ghazali-deliverance	Deliverance from Error	Philosophy-World-Traditions	1	readers/philosophy/al-ghazali-deliverance.txt	readers/philosophy/al-ghazali-deliverance.txt
ibn-khaldun-muqaddimah	The Muqaddimah	Philosophy-World-Traditions	1	readers/philosophy/ibn-khaldun-muqaddimah.txt	readers/philosophy/ibn-khaldun-muqaddimah.txt
saadia-beliefs-opinions	The Book of Beliefs and Opinions	Philosophy-World-Traditions	1	readers/philosophy/saadia-beliefs-opinions.txt	readers/philosophy/saadia-beliefs-opinions.txt
smith-moral-sentiments	The Theory of Moral Sentiments	Philosophy-Government-Power	232	readers/philosophy/smith-moral-sentiments.txt	readers/philosophy/smith-moral-sentiments.txt
smith-wealth-nations	The Wealth of Nations	Philosophy-Government-Power	699	readers/philosophy/smith-wealth-nations.txt	readers/philosophy/smith-wealth-nations.txt
marx-capital-volume-one	Capital - Volume I	Philosophy-Government-Power	1	readers/philosophy/marx-capital-volume-one.txt	readers/philosophy/marx-capital-volume-one.txt
marx-engels-manifesto	The Communist Manifesto	Philosophy-Government-Power	37	readers/philosophy/marx-engels-manifesto.txt	readers/philosophy/marx-engels-manifesto.txt
engels-socialism	Socialism: Utopian and Scientific	Philosophy-Government-Power	62	readers/philosophy/engels-socialism.txt	readers/philosophy/engels-socialism.txt
kropotkin-conquest-bread	The Conquest of Bread	Philosophy-Government-Power	165	readers/philosophy/kropotkin-conquest-bread.txt	readers/philosophy/kropotkin-conquest-bread.txt
bakunin-god-state	God and the State	Philosophy-Government-Power	12	readers/philosophy/bakunin-god-state.txt	readers/philosophy/bakunin-god-state.txt
stirner-ego-own	The Ego and His Own	Philosophy-Government-Power	327	readers/philosophy/stirner-ego-own.txt	readers/philosophy/stirner-ego-own.txt
george-progress-poverty	Progress and Poverty	Philosophy-Government-Power	368	readers/philosophy/george-progress-poverty.txt	readers/philosophy/george-progress-poverty.txt
goldman-anarchism	Anarchism and Other Essays	Philosophy-Government-Power	154	readers/philosophy/goldman-anarchism.txt	readers/philosophy/goldman-anarchism.txt
de-cleyre-selected	Selected Works of Voltairine de Cleyre	Philosophy-Government-Power	301	readers/philosophy/de-cleyre-selected.txt	readers/philosophy/de-cleyre-selected.txt
lenin-state-revolution	The State and Revolution	Philosophy-Government-Power	1	readers/philosophy/lenin-state-revolution.txt	readers/philosophy/lenin-state-revolution.txt
du-bois-souls	The Souls of Black Folk	Philosophy-Government-Power	143	readers/philosophy/du-bois-souls.txt	readers/philosophy/du-bois-souls.txt
washington-up-slavery	Up from Slavery	Philosophy-Government-Power	151	readers/philosophy/washington-up-slavery.txt	readers/philosophy/washington-up-slavery.txt
douglass-narrative	Narrative of the Life of Frederick Douglass	Philosophy-Government-Power	83	readers/philosophy/douglass-narrative.txt	readers/philosophy/douglass-narrative.txt
douglass-selected-speeches	Selected Speeches of Frederick Douglass	Philosophy-Government-Power	1	readers/philosophy/douglass-selected-speeches.txt	readers/philosophy/douglass-selected-speeches.txt
tolstoy-death-ivan	The Death of Ivan Ilyich	Philosophy-Philosophical-Literature	1	readers/philosophy/tolstoy-death-ivan.txt	readers/philosophy/tolstoy-death-ivan.txt
dostoevsky-brothers-karamazov	The Brothers Karamazov	Philosophy-Philosophical-Literature	754	readers/philosophy/dostoevsky-brothers-karamazov.txt	readers/philosophy/dostoevsky-brothers-karamazov.txt
dostoevsky-notes-underground	Notes from Underground	Philosophy-Philosophical-Literature	96	readers/philosophy/dostoevsky-notes-underground.txt	readers/philosophy/dostoevsky-notes-underground.txt
dostoevsky-crime-punishment	Crime and Punishment	Philosophy-Philosophical-Literature	450	readers/philosophy/dostoevsky-crime-punishment.txt	readers/philosophy/dostoevsky-crime-punishment.txt
melville-moby-dick	Moby-Dick	Philosophy-Philosophical-Literature	447	readers/philosophy/melville-moby-dick.txt	readers/philosophy/melville-moby-dick.txt
defoe-robinson-crusoe	Robinson Crusoe	Philosophy-Philosophical-Literature	13	readers/philosophy/defoe-robinson-crusoe.txt	readers/philosophy/defoe-robinson-crusoe.txt
voltaire-candide	Candide	Philosophy-Philosophical-Literature	95	readers/philosophy/voltaire-candide.txt	readers/philosophy/voltaire-candide.txt
swift-gulliver	Gulliver's Travels	Philosophy-Philosophical-Literature	14	readers/philosophy/swift-gulliver.txt	readers/philosophy/swift-gulliver.txt
goethe-faust	Faust	Philosophy-Philosophical-Literature	189	readers/philosophy/goethe-faust.txt	readers/philosophy/goethe-faust.txt
dante-divine-comedy	The Divine Comedy	Philosophy-Philosophical-Literature	321	readers/philosophy/dante-divine-comedy.txt	readers/philosophy/dante-divine-comedy.txt
milton-paradise-lost	Paradise Lost	Philosophy-Philosophical-Literature	229	readers/philosophy/milton-paradise-lost.txt	readers/philosophy/milton-paradise-lost.txt
sophocles-antigone	Antigone	Philosophy-Philosophical-Literature	185	readers/philosophy/sophocles-antigone.txt	readers/philosophy/sophocles-antigone.txt
aeschylus-oresteia	The Oresteia	Philosophy-Philosophical-Literature	1	readers/philosophy/aeschylus-oresteia.txt	readers/philosophy/aeschylus-oresteia.txt
shakespeare-hamlet	Hamlet	Philosophy-Philosophical-Literature	130	readers/philosophy/shakespeare-hamlet.txt	readers/philosophy/shakespeare-hamlet.txt
shakespeare-king-lear	King Lear	Philosophy-Philosophical-Literature	131	readers/philosophy/shakespeare-king-lear.txt	readers/philosophy/shakespeare-king-lear.txt
shakespeare-macbeth	Macbeth	Philosophy-Philosophical-Literature	92	readers/philosophy/shakespeare-macbeth.txt	readers/philosophy/shakespeare-macbeth.txt
shakespeare-tempest	The Tempest	Philosophy-Philosophical-Literature	85	readers/philosophy/shakespeare-tempest.txt	readers/philosophy/shakespeare-tempest.txt
shelley-frankenstein	Frankenstein	Philosophy-Philosophical-Literature	156	readers/philosophy/shelley-frankenstein.txt	readers/philosophy/shelley-frankenstein.txt
wells-time-machine	The Time Machine	Philosophy-Philosophical-Literature	72	readers/philosophy/wells-time-machine.txt	readers/philosophy/wells-time-machine.txt
wells-war-worlds	The War of the Worlds	Philosophy-Philosophical-Literature	136	readers/philosophy/wells-war-worlds.txt	readers/philosophy/wells-war-worlds.txt
london-sea-wolf	The Sea-Wolf	Philosophy-Philosophical-Literature	238	readers/philosophy/london-sea-wolf.txt	readers/philosophy/london-sea-wolf.txt
conrad-heart-darkness	Heart of Darkness	Philosophy-Philosophical-Literature	75	readers/philosophy/conrad-heart-darkness.txt	readers/philosophy/conrad-heart-darkness.txt
chesterton-man-thursday	The Man Who Was Thursday	Philosophy-Philosophical-Literature	140	readers/philosophy/chesterton-man-thursday.txt	readers/philosophy/chesterton-man-thursday.txt
arendt-human-condition	The Human Condition	Philosophy-Modern-Licensed	1	readers/philosophy/arendt-human-condition.txt	readers/philosophy/arendt-human-condition.txt
camus-myth-sisyphus	The Myth of Sisyphus	Philosophy-Modern-Licensed	1	readers/philosophy/camus-myth-sisyphus.txt	readers/philosophy/camus-myth-sisyphus.txt
sartre-being-nothingness	Being and Nothingness	Philosophy-Modern-Licensed	1	readers/philosophy/sartre-being-nothingness.txt	readers/philosophy/sartre-being-nothingness.txt
beauvoir-ethics-ambiguity	The Ethics of Ambiguity	Philosophy-Modern-Licensed	1	readers/philosophy/beauvoir-ethics-ambiguity.txt	readers/philosophy/beauvoir-ethics-ambiguity.txt
frankl-mans-search	Man's Search for Meaning	Philosophy-Modern-Licensed	1	readers/philosophy/frankl-mans-search.txt	readers/philosophy/frankl-mans-search.txt
popper-open-society	The Open Society and Its Enemies	Philosophy-Modern-Licensed	1	readers/philosophy/popper-open-society.txt	readers/philosophy/popper-open-society.txt
rawls-theory-justice	A Theory of Justice	Philosophy-Modern-Licensed	1	readers/philosophy/rawls-theory-justice.txt	readers/philosophy/rawls-theory-justice.txt
foucault-discipline-punish	Discipline and Punish	Philosophy-Modern-Licensed	1	readers/philosophy/foucault-discipline-punish.txt	readers/philosophy/foucault-discipline-punish.txt
fanon-wretched-earth	The Wretched of the Earth	Philosophy-Modern-Licensed	1	readers/philosophy/fanon-wretched-earth.txt	readers/philosophy/fanon-wretched-earth.txt
kuhn-scientific-revolutions	The Structure of Scientific Revolutions	Philosophy-Modern-Licensed	1	readers/philosophy/kuhn-scientific-revolutions.txt	readers/philosophy/kuhn-scientific-revolutions.txt
orwell-1984	Nineteen Eighty-Four	Philosophy-Modern-Licensed	1	readers/philosophy/orwell-1984.txt	readers/philosophy/orwell-1984.txt
fromm-art-loving	The Art of Loving	Philosophy-Modern-Licensed	1	readers/philosophy/fromm-art-loving.txt	readers/philosophy/fromm-art-loving.txt
hayek-road-serfdom	The Road to Serfdom	Philosophy-Modern-Licensed	1	readers/philosophy/hayek-road-serfdom.txt	readers/philosophy/hayek-road-serfdom.txt
freire-pedagogy-oppressed	Pedagogy of the Oppressed	Philosophy-Modern-Licensed	1	readers/philosophy/freire-pedagogy-oppressed.txt	readers/philosophy/freire-pedagogy-oppressed.txt
king-strength-love	Strength to Love	Philosophy-Modern-Licensed	1	readers/philosophy/king-strength-love.txt	readers/philosophy/king-strength-love.txt
baldwin-fire-next-time	The Fire Next Time	Philosophy-Modern-Licensed	1	readers/philosophy/baldwin-fire-next-time.txt	readers/philosophy/baldwin-fire-next-time.txt
solzhenitsyn-gulag	The Gulag Archipelago	Philosophy-Modern-Licensed	1	readers/philosophy/solzhenitsyn-gulag.txt	readers/philosophy/solzhenitsyn-gulag.txt
textfiles-survival-keyword	The Key Word SURVIVAL	Underground-TEXTFILES-Survival	11	readers/textfiles/textfiles-survival-keyword.txt	readers/textfiles/textfiles-survival-keyword.txt
textfiles-survival-planning	Planning for Survival	Underground-TEXTFILES-Survival	6	readers/textfiles/textfiles-survival-planning.txt	readers/textfiles/textfiles-survival-planning.txt
textfiles-survival-homestead	One Effort, Multiple Results: Survival Homestead	Underground-TEXTFILES-Survival	8	readers/textfiles/textfiles-survival-homestead.txt	readers/textfiles/textfiles-survival-homestead.txt
textfiles-emergency-water	Emergency Water	Underground-TEXTFILES-Survival	6	readers/textfiles/textfiles-emergency-water.txt	readers/textfiles/textfiles-emergency-water.txt
textfiles-shelter	Shelter Reference	Underground-TEXTFILES-Survival	1	readers/textfiles/textfiles-shelter.txt	readers/textfiles/textfiles-shelter.txt
textfiles-fire-basics	Campfire Basics	Underground-TEXTFILES-Survival	3	readers/textfiles/textfiles-fire-basics.txt	readers/textfiles/textfiles-fire-basics.txt
textfiles-firewood	Firewood Reference	Underground-TEXTFILES-Survival	7	readers/textfiles/textfiles-firewood.txt	readers/textfiles/textfiles-firewood.txt
textfiles-trail-foods	Make Your Own Trail Foods	Underground-TEXTFILES-Survival	7	readers/textfiles/textfiles-trail-foods.txt	readers/textfiles/textfiles-trail-foods.txt
textfiles-wool	Wool Field Reference	Underground-TEXTFILES-Survival	3	readers/textfiles/textfiles-wool.txt	readers/textfiles/textfiles-wool.txt
textfiles-winter-driving	Winter Driving	Underground-TEXTFILES-Survival	2	readers/textfiles/textfiles-winter-driving.txt	readers/textfiles/textfiles-winter-driving.txt
textfiles-travel	Survival Travel Notes	Underground-TEXTFILES-Survival	4	readers/textfiles/textfiles-travel.txt	readers/textfiles/textfiles-travel.txt
textfiles-communications	Survival Communications	Underground-TEXTFILES-Survival	2	readers/textfiles/textfiles-communications.txt	readers/textfiles/textfiles-communications.txt
textfiles-tap-code	Tap Code	Underground-TEXTFILES-Signals	1	readers/textfiles/textfiles-tap-code.txt	readers/textfiles/textfiles-tap-code.txt
textfiles-underground-communications	Underground Communications	Underground-TEXTFILES-Signals	2	readers/textfiles/textfiles-underground-communications.txt	readers/textfiles/textfiles-underground-communications.txt
textfiles-quick-fixes	Quick Fixes	Underground-TEXTFILES-Repair	4	readers/textfiles/textfiles-quick-fixes.txt	readers/textfiles/textfiles-quick-fixes.txt
textfiles-beer	How to Brew Your Own Beer	Underground-TEXTFILES-Fermentation	5	readers/textfiles/textfiles-beer.txt	readers/textfiles/textfiles-beer.txt
textfiles-ginger-beer	Kelleye's Home Ginger Beer	Underground-TEXTFILES-Fermentation	2	readers/textfiles/textfiles-ginger-beer.txt	readers/textfiles/textfiles-ginger-beer.txt
textfiles-brewing-faq	Rec.Crafts.Brewing FAQ	Underground-TEXTFILES-Fermentation	9	readers/textfiles/textfiles-brewing-faq.txt	readers/textfiles/textfiles-brewing-faq.txt
textfiles-homebrew-bibliography	Homebrewing Bibliography and Resources	Underground-TEXTFILES-Fermentation	10	readers/textfiles/textfiles-homebrew-bibliography.txt	readers/textfiles/textfiles-homebrew-bibliography.txt
textfiles-phone-phantom-beer	How to Brew Your Own Beer - Phone Phantom	Underground-TEXTFILES-Fermentation	4	readers/textfiles/textfiles-phone-phantom-beer.txt	readers/textfiles/textfiles-phone-phantom-beer.txt
textfiles-home-alcohol	Homemade Alcohol, Version 2	Underground-TEXTFILES-Distilling-Regulated	9	readers/textfiles/textfiles-home-alcohol.txt	readers/textfiles/textfiles-home-alcohol.txt
textfiles-complete-local-archive	Complete TEXTFILES.COM Local Archive Index	Underground-TEXTFILES-Archive	1	readers/textfiles/textfiles-complete-local-archive.txt	readers/textfiles/textfiles-complete-local-archive.txt
nist-handbook-44-2026	NIST Handbook 44: Weighing and Measuring Devices (2026)	Economy-Trade-Measurement	592	pdfs/recovery-economy/nist-handbook-44-2026.pdf	text/recovery-economy/nist-handbook-44-2026.txt
nist-handbook-130-2026	NIST Handbook 130: Legal Metrology and Fuel Quality (2026)	Economy-Trade-Measurement	332	pdfs/recovery-economy/nist-handbook-130-2026.pdf	text/recovery-economy/nist-handbook-130-2026.txt
nist-sp-1197-economic-decision-guide	Community Resilience Economic Decision Guide for Buildings and Infrastructure Systems	Economy-Value-Attribution	69	pdfs/recovery-economy/nist-sp-1197-economic-decision-guide.pdf	text/recovery-economy/nist-sp-1197-economic-decision-guide.txt
fema-national-disaster-recovery-framework-2025	National Disaster Recovery Framework, Third Edition (Amended 2024)	Rebuilding-Society-Recovery	61	pdfs/recovery-economy/fema-national-disaster-recovery-framework-2025.pdf	text/recovery-economy/fema-national-disaster-recovery-framework-2025.txt
fema-whole-community-approach	A Whole Community Approach to Emergency Management	Rebuilding-Society-Community	28	pdfs/recovery-economy/fema-whole-community-approach.pdf	text/recovery-economy/fema-whole-community-approach.txt
fema-community-lifelines-toolkit-2023	Community Lifelines Implementation Toolkit 2.1	Rebuilding-Society-Lifelines	66	pdfs/recovery-economy/fema-community-lifelines-toolkit-2023.pdf	text/recovery-economy/fema-community-lifelines-toolkit-2023.txt
fema-continuity-guidance-circular-2026	Continuity Guidance Circular (2018, Updated 2024)	Rebuilding-Society-Continuity	50	pdfs/recovery-economy/fema-continuity-guidance-circular-2026.pdf	text/recovery-economy/fema-continuity-guidance-circular-2026.txt
nist-community-resilience-planning-v1	Community Resilience Planning Guide, Volume I	Rebuilding-Society-Planning	126	pdfs/recovery-economy/nist-community-resilience-planning-volume-1.pdf	text/recovery-economy/nist-community-resilience-planning-v1.txt
nist-community-resilience-planning-v2	Community Resilience Planning Guide, Volume II	Rebuilding-Society-Planning	274	pdfs/recovery-economy/nist-community-resilience-planning-volume-2.pdf	text/recovery-economy/nist-community-resilience-planning-v2.txt
stlouis-fed-yen-to-trade	A Yen to Trade	Economy-Barter-Money	148	pdfs/recovery-economy/stlouis-fed-yen-to-trade.pdf	text/recovery-economy/stlouis-fed-yen-to-trade.txt
anarchists-cookbook-iv-4-14-quarantine	Anarchist's Cookbook IV 4.14 - Restricted Archive	Cookbook-Underground-Restricted	336	../../RES/Anarchists Cookbook  IV 4.14.pdf	readers/cookbook/anarchists-cookbook-iv-4-14-quarantine.txt
neets-01-dc	NEETS 01 - Matter, Energy, and Direct Current	Electronics-Basics	278	pdfs/technical/neets-01-matter-energy-dc.pdf	text/technical/neets-01-dc.txt
neets-02-ac	NEETS 02 - Alternating Current and Transformers	Electronics-Basics	244	pdfs/technical/neets-02-ac-transformers.pdf	text/technical/neets-02-ac.txt
neets-03-protection	NEETS 03 - Circuit Protection, Control, and Measurement	Electronics-Basics	208	pdfs/technical/neets-03-circuit-protection-control-measurement.pdf	text/technical/neets-03-protection.txt
neets-04-wiring	NEETS 04 - Conductors, Wiring, and Schematic Reading	Electronics-Basics	152	pdfs/technical/neets-04-conductors-wiring-schematics.pdf	text/technical/neets-04-wiring.txt
neets-05-motors	NEETS 05 - Generators and Motors	Electronics-Basics	114	pdfs/technical/neets-05-generators-motors.pdf	text/technical/neets-05-motors.txt
neets-06-emission	NEETS 06 - Electronic Emission, Tubes, and Power Supplies	Electronics-Intermediate	198	pdfs/technical/neets-06-emission-tubes-power-supplies.pdf	text/technical/neets-06-emission.txt
neets-07-solid-state	NEETS 07 - Solid-State Devices and Power Supplies	Electronics-Intermediate	275	pdfs/technical/neets-07-solid-state-power-supplies.pdf	text/technical/neets-07-solid-state.txt
neets-08-amplifiers	NEETS 08 - Amplifiers	Electronics-Intermediate	174	pdfs/technical/neets-08-amplifiers.pdf	text/technical/neets-08-amplifiers.txt
neets-09-waveforms	NEETS 09 - Wave Generation and Wave Shaping	Electronics-Intermediate	265	pdfs/technical/neets-09-wave-generation-shaping.pdf	text/technical/neets-09-waveforms.txt
neets-10-propagation	NEETS 10 - Propagation, Transmission Lines, and Antennas	Electronics-Intermediate	266	pdfs/technical/neets-10-propagation-lines-antennas.pdf	text/technical/neets-10-propagation.txt
neets-11-microwave	NEETS 11 - Microwave Principles	Electronics-Intermediate	182	pdfs/technical/neets-11-microwave-principles.pdf	text/technical/neets-11-microwave.txt
neets-12-modulation	NEETS 12 - Modulation Principles	Electronics-Intermediate	220	pdfs/technical/neets-12-modulation-principles.pdf	text/technical/neets-12-modulation.txt
neets-13-logic	NEETS 13 - Number Systems and Logic Circuits	Electronics-Intermediate	218	pdfs/technical/neets-13-number-systems-logic.pdf	text/technical/neets-13-logic.txt
neets-14-microelectronics	NEETS 14 - Microelectronics	Electronics-Intermediate	161	pdfs/technical/neets-14-microelectronics.pdf	text/technical/neets-14-microelectronics.txt
neets-15-servos	NEETS 15 - Synchros, Servos, and Gyros	Electronics-Intermediate	184	pdfs/technical/neets-15-synchros-servos-gyros.pdf	text/technical/neets-15-servos.txt
neets-16-test-equipment	NEETS 16 - Test Equipment	Electronics-Intermediate	272	pdfs/technical/neets-16-test-equipment.pdf	text/technical/neets-16-test-equipment.txt
neets-17-rf-comms	NEETS 17 - Radio-Frequency Communications Principles	Electronics-Advanced	201	pdfs/technical/neets-17-rf-communications.pdf	text/technical/neets-17-rf-comms.txt
neets-18-radar	NEETS 18 - Radar Principles	Electronics-Advanced	204	pdfs/technical/neets-18-radar-principles.pdf	text/technical/neets-18-radar.txt
neets-19-handbook	NEETS 19 - Technician's Handbook	Electronics-Advanced	156	pdfs/technical/neets-19-technician-handbook.pdf	text/technical/neets-19-handbook.txt
neets-20-glossary	NEETS 20 - Master Glossary	Electronics-Advanced	95	pdfs/technical/neets-20-master-glossary.pdf	text/technical/neets-20-glossary.txt
neets-21-test-methods	NEETS 21 - Test Methods and Practices	Electronics-Advanced	216	pdfs/technical/neets-21-test-methods-practices.pdf	text/technical/neets-21-test-methods.txt
neets-22-computers	NEETS 22 - Digital Computers	Electronics-Advanced	172	pdfs/technical/neets-22-digital-computers.pdf	text/technical/neets-22-computers.txt
neets-23-recording	NEETS 23 - Magnetic Recording	Electronics-Advanced	164	pdfs/technical/neets-23-magnetic-recording.pdf	text/technical/neets-23-recording.txt
neets-24-fiber	NEETS 24 - Fiber Optics	Electronics-Advanced	238	pdfs/technical/neets-24-fiber-optics.pdf	text/technical/neets-24-fiber.txt
auto-course-outline	Automotive Mechanic Course Outline and Shop Practice	Automotive-Basics	29	pdfs/technical/automotive-mechanic-course-outline.pdf	text/technical/auto-course-outline.txt
auto-shop-safety	NIOSH - Occupational Safety and Health in Vocational Education	Automotive-Basics	194	pdfs/technical/niosh-occupational-safety-vocational-education.pdf	text/technical/auto-shop-safety.txt
auto-principles-tm9-8000	TM 9-8000 - Principles of Automotive Vehicles	Automotive-Basics	780	pdfs/technical/tm-9-8000-principles-automotive-vehicles.pdf	text/technical/auto-principles-tm9-8000.txt
auto-electrical-army	Army Wheeled Vehicle Electrical Systems	Automotive-Intermediate	408	pdfs/technical/army-wheeled-vehicle-electrical-systems.pdf	text/technical/auto-electrical-army.txt
auto-heavy-equipment-basic	NAVEDTRA 14081 - Equipment Operator, Basic	Automotive-Intermediate	650	pdfs/technical/navedtra-14081-equipment-operator-basic.pdf	text/technical/auto-heavy-equipment-basic.txt
auto-small-tires-osha	OSHA - Light Truck and Automobile Tire Service Hazards	Automotive-Intermediate	4	pdfs/technical/osha-small-tire-service-hazards.pdf	text/technical/auto-small-tires-osha.txt
auto-brake-asbestos-osha	OSHA - Asbestos in Automotive Brake and Clutch Work	Automotive-Intermediate	5	pdfs/technical/osha-brake-clutch-asbestos.pdf	text/technical/auto-brake-asbestos-osha.txt
auto-fluid-power	NAVEDTRA 12964 - Fluid Power: Hydraulics and Pneumatics	Automotive-Advanced	206	pdfs/technical/navedtra-12964-fluid-power.pdf	text/technical/auto-fluid-power.txt
auto-heavy-equipment-advanced	NAVEDTRA 14080 - Equipment Operator, Advanced	Automotive-Advanced	289	pdfs/technical/navedtra-14080-equipment-operator-advanced.pdf	text/technical/auto-heavy-equipment-advanced.txt
auto-construction-mechanic-advanced	NAVEDTRA 14050 - Construction Mechanic, Advanced	Automotive-Advanced	414	pdfs/technical/navedtra-14050-construction-mechanic-advanced.pdf	text/technical/auto-construction-mechanic-advanced.txt
auto-aerial-lifts-osha	OSHA - Using Aerial Lifts and Bucket Trucks	Automotive-Advanced	1	pdfs/technical/osha-using-aerial-lifts.pdf	text/technical/auto-aerial-lifts-osha.txt
product-manual-archive-intelligence	Product Manual Archive Intelligence and Offline Capacity Plan	Product-Manual-Archives	1	readers/technical/product-manual-archives.txt	readers/technical/product-manual-archives.txt
ag-soil-sare	Building Soils for Better Crops, Fourth Edition	Agriculture-Soil	410	pdfs/agriculture/building-soils-for-better-crops.pdf	text/agriculture/ag-soil-sare.txt
ag-soil-nrcs	Soil Quality Test Kit Guide	Agriculture-Soil	88	pdfs/agriculture/soil-quality-test-kit-guide.pdf	text/agriculture/ag-soil-nrcs.txt
ag-seed-saving	A Seed Saving Guide for Gardeners and Farmers	Agriculture-Seeds	30	pdfs/agriculture/seed-saving-guide.pdf	text/agriculture/ag-seed-saving.txt
ag-vegetable-cornell	Cornell Integrated Crop and Pest Management Guidelines for Commercial Vegetable Production - 2024 Preview	Agriculture-Vegetables	23	pdfs/agriculture/cornell-commercial-vegetable-ipm-preview-2024.pdf	text/agriculture/ag-vegetable-cornell.txt
ag-crop-rotation	Crop Rotation on Organic Farms: A Planning Manual	Agriculture-Vegetables	163	pdfs/agriculture/crop-rotation-on-organic-farms.pdf	text/agriculture/ag-crop-rotation.txt
ag-field-crops-cornell	Cornell Guide for Integrated Field Crop Management - 2023 Preview	Agriculture-Staples	25	pdfs/agriculture/cornell-field-crop-management-2023-preview.pdf	text/agriculture/ag-field-crops-cornell.txt
ag-orchards-usda	Transitioning to Organic Management of Orchards	Agriculture-Orchards	4	pdfs/agriculture/transitioning-organic-orchards.pdf	text/agriculture/ag-orchards-usda.txt
ag-black-walnut-usfs	Growing Black Walnut for Nut Production	Agriculture-Orchards	16	pdfs/agriculture/growing-black-walnut-for-nut-production.pdf	text/agriculture/ag-black-walnut-usfs.txt
ag-irrigation-nrcs	National Engineering Handbook Part 652 - Irrigation Guide	Agriculture-Water	754	pdfs/agriculture/nrcs-national-irrigation-guide.pdf	text/agriculture/ag-irrigation-nrcs.txt
ag-rainwater-twdb	Texas Manual on Rainwater Harvesting, Third Edition	Agriculture-Water	88	pdfs/agriculture/rainwater-harvesting-manual-third-edition.pdf	text/agriculture/ag-rainwater-twdb.txt
ag-high-tunnels-sare	High Tunnels and Other Season Extension Techniques	Agriculture-Greenhouse	4	pdfs/agriculture/high-tunnels-season-extension.pdf	text/agriculture/ag-high-tunnels-sare.txt
ag-hydroponics-usda	Hydroponic and Aquaponic Task Force Report	Agriculture-Greenhouse	196	pdfs/agriculture/usda-hydroponic-aquaponic-task-force-report-2016.pdf	text/agriculture/ag-hydroponics-usda.txt
ag-greenhouse-ipm-cornell	Cornell Greenhouse Crops and Herbaceous Ornamentals IPM Guidelines - 2024-2025 Preview	Agriculture-IPM	33	pdfs/agriculture/cornell-greenhouse-ipm-preview-2024-2025.pdf	text/agriculture/ag-greenhouse-ipm-cornell.txt
ag-small-farm-tools	Equipment and Tools for Small-Scale Intensive Crop Production	Agriculture-Tools	28	pdfs/agriculture/equipment-tools-small-scale-intensive-crop-production.pdf	text/agriculture/ag-small-farm-tools.txt
ag-small-animals-fao	Small Animals for Small Farms, Second Edition	Agriculture-Livestock	92	pdfs/agriculture/small-animals-for-small-farms.pdf	text/agriculture/ag-small-animals-fao.txt
ag-poultry-usda	Organic Poultry Production for Meat and Eggs	Agriculture-Livestock	8	pdfs/agriculture/organic-poultry-meat-eggs.pdf	text/agriculture/ag-poultry-usda.txt
ag-beekeeping-usda	Beekeeping in the United States - Agriculture Handbook 335	Agriculture-Livestock	10	pdfs/agriculture/usda-beekeeping-in-the-united-states.pdf	text/agriculture/ag-beekeeping-usda.txt
ag-pasture-sare	Pasture and Grazing Management in the Pacific Northwest	Agriculture-Pasture	214	pdfs/agriculture/pasture-grazing-management-pacific-northwest.pdf	text/agriculture/ag-pasture-sare.txt
ag-pasture-condition-nrcs	National Pasture Condition Scoring Guide and Score Sheet	Agriculture-Pasture	20	pdfs/agriculture/national-pasture-condition-scoring-guide.pdf	text/agriculture/ag-pasture-condition-nrcs.txt
ag-hardiness-zones-usda	USDA Plant Hardiness Zone Map - 2023 National Map	Agriculture-Calendar-Zones	1	pdfs/agriculture/usda-plant-hardiness-zone-map-2023.pdf	text/agriculture/ag-hardiness-zones-usda.txt
ag-nyc-planting-cornell	New York City Vegetable Planting Calendar	Agriculture-New-York	1	pdfs/agriculture/cornell-nyc-vegetable-planting-calendar.pdf	text/agriculture/ag-nyc-planting-cornell.txt
ag-ny-harvest-chart	New York Grown Produce Harvest Chart	Agriculture-New-York	2	pdfs/agriculture/ny-grown-produce-harvest-chart.pdf	text/agriculture/ag-ny-harvest-chart.txt
ag-storage-usda	The Commercial Storage of Fruits, Vegetables, and Florist and Nursery Stocks - Agriculture Handbook 66	Agriculture-Postharvest	792	pdfs/agriculture/usda-commercial-storage-handbook-66.pdf	text/agriculture/ag-storage-usda.txt
ag-root-cellar-purdue	Storing Vegetables and Fruits at Home	Agriculture-Postharvest	5	pdfs/agriculture/storing-vegetables-fruits-at-home.pdf	text/agriculture/ag-root-cellar-purdue.txt
ag-organic-planner-sare	Organic Transition Planner	Agriculture-Planning	180	pdfs/agriculture/organic-transition-planner.pdf	text/agriculture/ag-organic-planner-sare.txt
ag-urban-farming-ny-cornell	Guide to Urban Farming in New York State	Agriculture-Planning	104	pdfs/agriculture/guide-to-urban-farming-in-new-york-state.pdf	text/agriculture/ag-urban-farming-ny-cornell.txt
privacy-art-invisibility	The Art of Invisibility	Privacy-Surveillance-Defense	283	pdfs/privacy-surveillance/art-of-invisibility-kevin-mitnick.pdf	text/privacy-surveillance/art-of-invisibility-kevin-mitnick.txt
privacy-dragnet-nation	Dragnet Nation: Privacy, Security, and Freedom Under Surveillance	Privacy-Surveillance-Critique	312	pdfs/privacy-surveillance/dragnet-nation-julia-angwin.pdf	text/privacy-surveillance/dragnet-nation-julia-angwin.txt
privacy-means-control	Means of Control: The Hidden Alliance of Technology and Government	Privacy-Surveillance-Critique	450	pdfs/privacy-surveillance/means-of-control-byron-tau.pdf	text/privacy-surveillance/means-of-control-byron-tau.txt
privacy-obfuscation	Obfuscation: A User's Guide for Privacy and Protest	Privacy-Surveillance-Defense	144	pdfs/privacy-surveillance/obfuscation-brunton-nissenbaum.pdf	text/privacy-surveillance/obfuscation-brunton-nissenbaum.txt
fiction-occult-lovecraft-poetry	The Complete Poetry of H. P. Lovecraft	Fiction-Occult-Lovecraft	92	pdfs/fiction-occult/complete-poetry-hp-lovecraft.pdf	text/fiction-occult/complete-poetry-hp-lovecraft.txt
fiction-occult-lovecraft-necronomicon	Necronomicon: The Best Weird Tales of H. P. Lovecraft	Fiction-Occult-Lovecraft	724	pdfs/fiction-occult/necronomicon-best-weird-tales.pdf	text/fiction-occult/necronomicon-best-weird-tales.txt
fiction-occult-lovecraft-tales	Tales of H. P. Lovecraft	Fiction-Occult-Lovecraft	958	pdfs/fiction-occult/tales-of-hp-lovecraft.pdf	text/fiction-occult/tales-of-hp-lovecraft.txt
archive-agriculture-cannabis-grow-bible	The Cannabis Grow Bible	Archive-Agriculture-Restricted	1248	pdfs/archives/agriculture/cannabis-grow-bible-greg-green.pdf	text/archives/agriculture/cannabis-grow-bible-greg-green.txt
archive-agriculture-opium-masses	Opium for the Masses	Archive-Agriculture-Restricted	63	pdfs/archives/agriculture/opium-for-the-masses-jim-hogshire.pdf	text/archives/agriculture/opium-for-the-masses-jim-hogshire.txt
prep-fema-distributed-kits	FEMA Distributed Emergency Kits - Home, Work, and Vehicle	Prep-Distributed-Kits	2	pdfs/prep-security/fema-emergency-supply-kit-checklist.pdf	text/prep-security/prep-fema-emergency-kit.txt
prep-buy-rotate-store	Present-Day Prep - Buy, Rotate, Store, and Distribute	Prep-Sourcing-Storage	1	readers/present-day-prep-field-guide.txt	readers/present-day-prep-field-guide.txt
prep-fema-storage-reference	FEMA Emergency Supplies - Selection and Rotation Reference	Prep-Sourcing-Storage	2	pdfs/prep-security/fema-emergency-supply-kit-checklist.pdf	text/prep-security/prep-fema-emergency-kit.txt
zombie-fema-p320-stronghold	FEMA P-320 - Taking Shelter from the Storm	Zombie-Stronghold	89	pdfs/FEMA-P-320-Taking-Shelter-From-The-Storm-2025.pdf	text/FEMA-P-320-Taking-Shelter-From-The-Storm-2025.txt
prep-fema-emergency-kit	FEMA Emergency Supply Kit Checklist	Prep-Emergency-Kits	2	pdfs/prep-security/fema-emergency-supply-kit-checklist.pdf	text/prep-security/prep-fema-emergency-kit.txt
prep-florida-hurricane-kit	Florida Disaster Supply Kit Checklist	Prep-Emergency-Kits	1	pdfs/prep-security/florida-disaster-supply-kit-checklist.pdf	text/prep-security/prep-florida-hurricane-kit.txt
prep-fema-effak	Emergency Financial First Aid Kit, Third Edition	Prep-Emergency-Kits	41	pdfs/prep-security/fema-emergency-financial-first-aid-kit.pdf	text/prep-security/prep-fema-effak.txt
prep-atf-firearm-storage	ATF Safety and Security for Firearm Owners (GovInfo Archive)	Prep-Firearm-Safe-Storage	2	pdfs/prep-security/atf-safety-security-firearm-owners-p5300-22.pdf	text/prep-security/prep-atf-firearm-storage.txt
prep-usgs-topographic-symbols	USGS Topographic Map Symbols	Prep-Cartography	4	pdfs/prep-security/usgs-topographic-map-symbols.pdf	text/prep-security/prep-usgs-topographic-symbols.txt
zombie-cdc-shelter-in-place	CDC Chemical Agents: Facts About Sheltering in Place	Zombie-Shelter-In	2	pdfs/prep-security/cdc-chemical-agents-sheltering-in-place.pdf	text/prep-security/zombie-cdc-shelter-in-place.txt
zombie-fema-p804	FEMA P-804 Wind Retrofit Guide for Residential Buildings	Zombie-Compound-Reinforcement	145	pdfs/prep-security/fema-p804-wind-retrofit-guide-2025.pdf	text/prep-security/zombie-fema-p804.txt
zombie-cisa-security-assessment	CISA Faith-Based Community Security Self-Assessment User Guide	Zombie-Homestead-Security	2	pdfs/prep-security/cisa-faith-community-security-self-assessment-guide-2025.pdf	text/prep-security/zombie-cisa-security-assessment.txt
