id	sha256	pages	acquired_on	source_url	publisher	rights_status	acquisition_status	resolved_title	resolved_author
marcus-aurelius-meditations	5dcaf98c0147ebbccc59a32293b28ffbf80b6c9e5114b192ff5c5b7023bea22f	145	2026-08-16	https://www.gutenberg.org/ebooks/2680	Project Gutenberg	PROJECT GUTENBERG PUBLIC-DOMAIN EDITION	full-text	Meditations	Marcus Aurelius, Emperor of Rome
epictetus-enchiridion	9ac3cb96f5bd0e21005b6e9ffe8708610246c2bd89da2c1540a96ebcbe0b90c4	36	2026-08-16	https://www.gutenberg.org/ebooks/45109	Project Gutenberg	PROJECT GUTENBERG PUBLIC-DOMAIN EDITION	full-text	The Enchiridion	Epictetus
epictetus-discourses	372d2e4b11833073c8eeddd4d6bcc62ebec8f57645a059404d2a2f24bf8fe18b	115	2026-08-16	https://www.gutenberg.org/ebooks/10661	Project Gutenberg	PROJECT GUTENBERG PUBLIC-DOMAIN EDITION	full-text	A Selection from the Discourses of Epictetus with the Encheiridion	Epictetus
seneca-moral-letters	20a7275a47df59807d987f8e08eb21fd3813c1e3316878f0f3f215a7067c8510	1	2026-08-16	https://www.gutenberg.org/ebooks/search/?query=Moral+letters+Seneca+Lucilius	WAYKEEPER	SOURCE REVIEW REQUIRED / NO FULL TEXT INSTALLED	source-review	Moral Letters to Lucilius	Seneca
aristotle-nicomachean-ethics	9d8b099791b67413e1cbf9465a9bb8323e00ff3b242358674a6ac655bd96137d	245	2026-08-16	https://www.gutenberg.org/ebooks/8438	Project Gutenberg	PROJECT GUTENBERG PUBLIC-DOMAIN EDITION	full-text	The Nicomachean ethics of Aristotle	Aristotle
epicurus-principal-doctrines	3cdd37921bd72031d6bbcb9e6788861583cb3598449b6e5550325cb05c5bdeb1	1	2026-08-16	https://www.gutenberg.org/ebooks/search/?query=Principal+Doctrines+Epicurus	WAYKEEPER	SOURCE REVIEW REQUIRED / NO FULL TEXT INSTALLED	source-review	Principal Doctrines	Epicurus
epicurus-letter-menoeceus	3126f1b6d1305e145e33f7cf7e72e3f9d9e4ddbbdf04fc0528db5cc38f263f65	1	2026-08-16	https://www.gutenberg.org/ebooks/search/?query=Letter+to+Menoeceus+Epicurus	WAYKEEPER	SOURCE REVIEW REQUIRED / NO FULL TEXT INSTALLED	source-review	Letter to Menoeceus	Epicurus
cicero-on-duties	0257d8e51dbb9a75babeca43b7aadd90d21f04de073680ce3c16c635a9e8833c	1	2026-08-16	https://www.gutenberg.org/ebooks/search/?query=On+Duties+Cicero	WAYKEEPER	SOURCE REVIEW REQUIRED / NO FULL TEXT INSTALLED	source-review	On Duties	Cicero
plutarch-moralia	05dc3eed9b0806b0e68f0a93b0fedea0c86caaf55348e548da9f1fdd9516fda0	1	2026-08-16	https://www.gutenberg.org/ebooks/search/?query=Plutarch+Morals+Moralia	WAYKEEPER	SOURCE REVIEW REQUIRED / NO FULL TEXT INSTALLED	source-review	Moralia	Plutarch
boethius-consolation	0af2fc0c3c70cc089443c74dc2afa021e5979267c2ccfe13dcd16539ad19e45b	119	2026-08-16	https://www.gutenberg.org/ebooks/14328	Project Gutenberg	PROJECT GUTENBERG PUBLIC-DOMAIN EDITION	full-text	The Consolation of Philosophy	Boethius
mill-utilitarianism	323be69ca548b4f8b2d649f51101b76cd31a494b94f18e6e5970b922d4aa1520	59	2026-08-16	https://www.gutenberg.org/ebooks/11224	Project Gutenberg	PROJECT GUTENBERG PUBLIC-DOMAIN EDITION	full-text	Utilitarianism	Mill, John Stuart
sidgwick-methods-ethics	67fe3c6e8d7eef8a4049463cfcadfb86c8e23e5c9953363f717aba8f80e346e0	458	2026-08-16	https://www.gutenberg.org/ebooks/46743	Project Gutenberg	PROJECT GUTENBERG PUBLIC-DOMAIN EDITION	full-text	The Methods of Ethics	Sidgwick, Henry
plato-republic	d4dbc3f15ab7540ffb94dcae5a9d7423a9173bc04d2ad9b4276aa349193b60e7	499	2026-08-16	https://www.gutenberg.org/ebooks/1497	Project Gutenberg	PROJECT GUTENBERG PUBLIC-DOMAIN EDITION	full-text	The Republic	Plato
plato-laws	5de07af4c1eb36572ab61926af567933944b49b915f7fc4eec94f4a82ea85f1d	456	2026-08-16	https://www.gutenberg.org/ebooks/1750	Project Gutenberg	PROJECT GUTENBERG PUBLIC-DOMAIN EDITION	full-text	Laws	Plato
plato-statesman	227e1dfa8fac28a538e52bdf5719a512e2005339ab0c3f8c5ca5a9e2b5bd3222	103	2026-08-16	https://www.gutenberg.org/ebooks/1738	Project Gutenberg	PROJECT GUTENBERG PUBLIC-DOMAIN EDITION	full-text	Statesman	Plato
aristotle-politics	25a756012b4f0c8782bf1099722d56496e16a76dc524101e53ad0fa04ed3deeb	203	2026-08-16	https://www.gutenberg.org/ebooks/6762	Project Gutenberg	PROJECT GUTENBERG PUBLIC-DOMAIN EDITION	full-text	Politics: A Treatise on Government	Aristotle
aristotle-athenian-constitution	3efe31414f9eeec2c51ecb86e447357052089a488e1f880baa091da1c92ada7a	59	2026-08-16	https://www.gutenberg.org/ebooks/26095	Project Gutenberg	PROJECT GUTENBERG PUBLIC-DOMAIN EDITION	full-text	The Athenian Constitution	Aristotle
more-utopia	2132fc1e7ab1a2f7f80e34d0fb6eb470da9891620c805483f3eb76988d332ff0	82	2026-08-16	https://www.gutenberg.org/ebooks/2130	Project Gutenberg	PROJECT GUTENBERG PUBLIC-DOMAIN EDITION	full-text	Utopia	More, Thomas, Saint
machiavelli-prince	7f81aadd2fefb3f1df226c3d95b58b01fceb5d370f57163b037289b91d36ba43	104	2026-08-16	https://www.gutenberg.org/ebooks/1232	Project Gutenberg	PROJECT GUTENBERG PUBLIC-DOMAIN EDITION	full-text	The Prince	Machiavelli, Niccolò
machiavelli-discourses	169b9e39cdc94b77aef8cf07667fcc6d5ca981a9f1e5f43b5389e8db4f5e93a7	1	2026-08-16	https://www.gutenberg.org/ebooks/search/?query=Discourses+on+Livy+Machiavelli	WAYKEEPER	SOURCE REVIEW REQUIRED / NO FULL TEXT INSTALLED	source-review	Discourses on Livy	Niccolo Machiavelli
hobbes-leviathan	b88c9c87cb90e53cc61e2129487f401023b15ff9177d3f428b14dae5427e63d6	461	2026-08-16	https://www.gutenberg.org/ebooks/3207	Project Gutenberg	PROJECT GUTENBERG PUBLIC-DOMAIN EDITION	full-text	Leviathan	Hobbes, Thomas
locke-two-treatises	9b7965553a12a8acdcd141eb499b36d0fafe82da10775f58a74acc35d51efec6	1	2026-08-16	https://www.gutenberg.org/ebooks/search/?query=Two+Treatises+of+Government+Locke	WAYKEEPER	SOURCE REVIEW REQUIRED / NO FULL TEXT INSTALLED	source-review	Two Treatises of Government	John Locke
montesquieu-spirit-laws	9f593d227e3f93a8638c6ebe7e2ae0384ef422c1f4830dfa97cb5a667adfbc2e	1	2026-08-16	https://www.gutenberg.org/ebooks/search/?query=Spirit+of+Laws+Montesquieu	WAYKEEPER	SOURCE REVIEW REQUIRED / NO FULL TEXT INSTALLED	source-review	The Spirit of Laws	Montesquieu
rousseau-social-contract	15c4a665b998dfd86538340aa14db7040799e1890b53cf7a5e717dd9e1166b5d	253	2026-08-16	https://www.gutenberg.org/ebooks/46333	Project Gutenberg	PROJECT GUTENBERG PUBLIC-DOMAIN EDITION	full-text	The social contract & discourses	Rousseau, Jean-Jacques
rousseau-inequality	4f4ddd0790f414cd2522d4b3476cc4c0f0afb1f730226f91f2d5d9d963ebd062	58	2026-08-16	https://www.gutenberg.org/ebooks/11136	Project Gutenberg	PROJECT GUTENBERG PUBLIC-DOMAIN EDITION	full-text	A Discourse Upon the Origin and the Foundation of the Inequality Among Mankind	Rousseau, Jean-Jacques
burke-reflections	a13b58908e7484402de3e843237641fd41fe743620fa79cb35339aafd1821caa	1	2026-08-16	https://www.gutenberg.org/ebooks/search/?query=Reflections+Revolution+France+Burke	WAYKEEPER	SOURCE REVIEW REQUIRED / NO FULL TEXT INSTALLED	source-review	Reflections on the Revolution in France	Edmund Burke
paine-common-sense	baee98ee27e4311f214ea0e7442a9f24b2c96ca5c8cb53c7614d8393c93772e7	54	2026-08-16	https://www.gutenberg.org/ebooks/147	Project Gutenberg	PROJECT GUTENBERG PUBLIC-DOMAIN EDITION	full-text	Common Sense	Paine, Thomas
paine-rights-man	0dfe6b62576c03d3ea6b3b8b970b87289e9e3ee85cb7a96f3909593e48d71291	197	2026-08-16	https://www.gutenberg.org/ebooks/3742	Project Gutenberg	PROJECT GUTENBERG PUBLIC-DOMAIN EDITION	full-text	The Writings of Thomas Paine — Volume 2 (1779-1792): The Rights of Man	Paine, Thomas
tocqueville-democracy-america	56093ecd6771bca77227650b0dc67cd17f1b1ba044ef281cb2ee742ef571006a	396	2026-08-16	https://www.gutenberg.org/ebooks/815	Project Gutenberg	PROJECT GUTENBERG PUBLIC-DOMAIN EDITION	full-text	Democracy in America — Volume 1	Tocqueville, Alexis de
mill-on-liberty	ccecb2f7d6a3dc4fbacfa54623c9b02371d55a56fe44735b8e699b7985436679	103	2026-08-16	https://www.gutenberg.org/ebooks/34901	Project Gutenberg	PROJECT GUTENBERG PUBLIC-DOMAIN EDITION	full-text	On Liberty	Mill, John Stuart
mill-representative-government	6e3959b2a672af09e944793c8b1b5792b2eec7dceaa3b2fb8ffc3d9bb375b7b7	187	2026-08-16	https://www.gutenberg.org/ebooks/5669	Project Gutenberg	PROJECT GUTENBERG PUBLIC-DOMAIN EDITION	full-text	Considerations on Representative Government	Mill, John Stuart
wollstonecraft-rights-woman	8b92d47485f508bb5ba0a28b99c665108731df7bbe5c33affa99a48bb83bfade	13	2026-08-16	https://www.gutenberg.org/ebooks/26590	Project Gutenberg	PROJECT GUTENBERG PUBLIC-DOMAIN EDITION	full-text	A Vindication of the Rights of Woman	Wollstonecraft, Mary
federalist-papers	a4f3545c43b28c4afbc064713b839121adaa212f209c4dd4bbd8a0fdf2808bfe	16	2026-08-16	https://www.gutenberg.org/ebooks/22788	Project Gutenberg	PROJECT GUTENBERG PUBLIC-DOMAIN EDITION	full-text	The Federalist Papers	Hamilton, Alexander; Jay, John; Madison, James
anti-federalist-papers	4f955fd4ac4b8d04c781bdbcf3a66f4d9dd10f3bdcd1df59f66fba77e404ff43	1	2026-08-16	local bibliographic record	WAYKEEPER	FULL TEXT NOT INCLUDED / LICENSE REQUIRED	license-required	Selected Anti-Federalist Papers	Multiple authors
sun-tzu-art-war	f63b046756a0d18bda7f096768a23a976a6110cdea976f8f873158e030b146e2	144	2026-08-16	https://www.gutenberg.org/ebooks/132	Project Gutenberg	PROJECT GUTENBERG PUBLIC-DOMAIN EDITION	full-text	The Art of War	Sunzi, active 6th century B.C.
thucydides-peloponnesian-war	b373d3f5683772f9d4097c64017d3ac11292b0057dddb19fb11b749905c1e63a	385	2026-08-16	https://www.gutenberg.org/ebooks/7142	Project Gutenberg	PROJECT GUTENBERG PUBLIC-DOMAIN EDITION	full-text	The History of the Peloponnesian War	Thucydides
xenophon-cyropaedia	acd639059df23c14e3cd1d4ed733ef7111c5980719647b6935f2c7782a313714	226	2026-08-16	https://www.gutenberg.org/ebooks/2085	Project Gutenberg	PROJECT GUTENBERG PUBLIC-DOMAIN EDITION	full-text	Cyropaedia: The Education of Cyrus	Xenophon
machiavelli-art-war	f65ab4abe8ae0f9532a05ffc406cc4a4b9471425f8f2edfcaee34ba91faa641d	1	2026-08-16	https://www.gutenberg.org/ebooks/search/?query=Art+of+War+Machiavelli	WAYKEEPER	SOURCE REVIEW REQUIRED / NO FULL TEXT INSTALLED	source-review	The Art of War	Niccolo Machiavelli
grotius-law-war-peace	87802fef2f5c0ebb79f282f698745eb0f0adf7e36b3341a212ddcbc7d0121b3c	1	2026-08-16	https://www.gutenberg.org/ebooks/search/?query=Law+of+War+and+Peace+Grotius	WAYKEEPER	SOURCE REVIEW REQUIRED / NO FULL TEXT INSTALLED	source-review	On the Law of War and Peace	Hugo Grotius
kant-perpetual-peace	3f53d7fdd2e2fb9898b4a43749a3d0a70d672b1ba99ad8216a6361f5593b721d	127	2026-08-16	https://www.gutenberg.org/ebooks/50922	Project Gutenberg	PROJECT GUTENBERG PUBLIC-DOMAIN EDITION	full-text	Perpetual Peace: A Philosophical Essay	Kant, Immanuel
clausewitz-on-war	4e2078e8502a9ed13ff7fea750c79abf3109ec9ca417348f4cdd72c0b0336620	604	2026-08-16	https://www.gutenberg.org/ebooks/1946	Project Gutenberg	PROJECT GUTENBERG PUBLIC-DOMAIN EDITION	full-text	On War	Clausewitz, Carl von
tolstoy-war-peace	0c7e2d36f01b8c95175ab95b5e7ee4fd0af86bf3de56bec8596428be05ee1e11	1322	2026-08-16	https://www.gutenberg.org/ebooks/2600	Project Gutenberg	PROJECT GUTENBERG PUBLIC-DOMAIN EDITION	full-text	War and Peace	Tolstoy, Leo, graf
tolstoy-kingdom-god	0415d5f52240d7356aec97c9e51badcdda4a85512f1ebb4bfdd3ad2154b73b2e	266	2026-08-16	https://www.gutenberg.org/ebooks/43302	Project Gutenberg	PROJECT GUTENBERG PUBLIC-DOMAIN EDITION	full-text	"""The Kingdom of God Is Within You"": Christianity Not as a Mystic Religion but as a New Theory of Life"	Tolstoy, Leo, graf
thoreau-civil-disobedience	ae15446c06ae19fc1a730372b37b207210c3efcb324af0c1a7988cf4144112dd	213	2026-08-16	https://www.gutenberg.org/ebooks/205	Project Gutenberg	PROJECT GUTENBERG PUBLIC-DOMAIN EDITION	full-text	Walden, and On The Duty Of Civil Disobedience	Thoreau, Henry David
gandhi-hind-swaraj	856969f374fee7377a5bb3409f50933569f556a0b6c6069fd92dbca7bc512c9c	1	2026-08-16	https://www.gutenberg.org/ebooks/search/?query=Hind+Swaraj+Gandhi	WAYKEEPER	SOURCE REVIEW REQUIRED / NO FULL TEXT INSTALLED	source-review	Hind Swaraj	Mohandas Gandhi
james-moral-equivalent-war	28a9246f4a4bee0236af229b80a72da28e4cf0953c27afeee04f0f570c57cf8e	1	2026-08-16	https://www.gutenberg.org/ebooks/search/?query=Moral+Equivalent+of+War+William+James	WAYKEEPER	SOURCE REVIEW REQUIRED / NO FULL TEXT INSTALLED	source-review	The Moral Equivalent of War	William James
erasmus-complaint-peace	66091a9c0a39b5cbcb74d642176f06b17b6daf1585703f9f61f10262ff642f85	1	2026-08-16	https://www.gutenberg.org/ebooks/search/?query=Complaint+of+Peace+Erasmus	WAYKEEPER	SOURCE REVIEW REQUIRED / NO FULL TEXT INSTALLED	source-review	The Complaint of Peace	Erasmus
plato-apology	16c29d50e6383947516b7156d5281eb4becd55f143770e50701638dccc86ed70	37	2026-08-16	https://www.gutenberg.org/ebooks/1656	Project Gutenberg	PROJECT GUTENBERG PUBLIC-DOMAIN EDITION	full-text	Apology	Plato
plato-crito	28656ab79c5a7f686f9c1cff84c625e2de883d0b0ce67f80d10795e840718fe1	22	2026-08-16	https://www.gutenberg.org/ebooks/1657	Project Gutenberg	PROJECT GUTENBERG PUBLIC-DOMAIN EDITION	full-text	Crito	Plato
plato-phaedo	c039c1d1963aba578f070c0a17cc8431b5542f4b435e6334f226666dccbd3fde	97	2026-08-16	https://www.gutenberg.org/ebooks/1658	Project Gutenberg	PROJECT GUTENBERG PUBLIC-DOMAIN EDITION	full-text	Phaedo	Plato
plato-symposium	6e5c3e6215d4183accfef3a47268f3d0c449c2ea6d8cd7103983bd9c3638013a	67	2026-08-16	https://www.gutenberg.org/ebooks/1600	Project Gutenberg	PROJECT GUTENBERG PUBLIC-DOMAIN EDITION	full-text	Symposium	Plato
plato-meno	84cbefde0fec768e1011c1531e76a367c06aaa5d7b6d64047ae6b0fa44f2ad33	63	2026-08-16	https://www.gutenberg.org/ebooks/1643	Project Gutenberg	PROJECT GUTENBERG PUBLIC-DOMAIN EDITION	full-text	Meno	Plato
plato-gorgias	0aa51e8bfc28614957775beb89b1d27d512855674652e8b9b9c3acc79b10f50a	141	2026-08-16	https://www.gutenberg.org/ebooks/1672	Project Gutenberg	PROJECT GUTENBERG PUBLIC-DOMAIN EDITION	full-text	Gorgias	Plato
plato-phaedrus	30f3f033264a9945bae7bbbd450f0c58df6f200c8dbdab78aea78b68c0fa2b88	84	2026-08-16	https://www.gutenberg.org/ebooks/1636	Project Gutenberg	PROJECT GUTENBERG PUBLIC-DOMAIN EDITION	full-text	Phaedrus	Plato
plato-timaeus	5431a05632ee882b2ca03cf75ea643f9de78404265dcdd2251b252cd193909d3	148	2026-08-16	https://www.gutenberg.org/ebooks/1572	Project Gutenberg	PROJECT GUTENBERG PUBLIC-DOMAIN EDITION	full-text	Timaeus	Plato
plato-protagoras	7d3578baff9c4e7ad01467e181f8761a47b66357dcdeff4f8e6c8b407c0472ae	67	2026-08-16	https://www.gutenberg.org/ebooks/1591	Project Gutenberg	PROJECT GUTENBERG PUBLIC-DOMAIN EDITION	full-text	Protagoras	Plato
plato-theaetetus	f2ae428288c564ebf810f4c132c1a9231410a427e95c0eb0983aa47df30a60eb	151	2026-08-16	https://www.gutenberg.org/ebooks/1726	Project Gutenberg	PROJECT GUTENBERG PUBLIC-DOMAIN EDITION	full-text	Theaetetus	Plato
aristotle-metaphysics	fc11d29b87b77133347c66e278610db8708c0a6a6d0612bb5c998d39c10feb2c	1	2026-08-16	https://www.gutenberg.org/ebooks/search/?query=Metaphysics+Aristotle	WAYKEEPER	SOURCE REVIEW REQUIRED / NO FULL TEXT INSTALLED	source-review	Metaphysics	Aristotle
aristotle-physics	57300f3528502dc87573fbdb2ca998fb1534ee632c27b1a5cc4b0dd9eb6a2a6f	1	2026-08-16	https://www.gutenberg.org/ebooks/search/?query=Physics+Aristotle	WAYKEEPER	SOURCE REVIEW REQUIRED / NO FULL TEXT INSTALLED	source-review	Physics	Aristotle
aristotle-on-soul	c701c336dd26b78f8e27f598aef367dca61964fd97734d4169456158604ab1dd	1	2026-08-16	https://www.gutenberg.org/ebooks/search/?query=On+the+Soul+Aristotle	WAYKEEPER	SOURCE REVIEW REQUIRED / NO FULL TEXT INSTALLED	source-review	On the Soul	Aristotle
aristotle-categories	11fd2d0db3b9077199c57247a44a8be8e8a02e8508e6e4e7095d3c32d5b754f7	38	2026-08-16	https://www.gutenberg.org/ebooks/2412	Project Gutenberg	PROJECT GUTENBERG PUBLIC-DOMAIN EDITION	full-text	The Categories	Aristotle
aristotle-interpretation	7a570b181685b824e3027a45e3f7e89db227d02f00c9a5a7c629d0fafbe45f5f	1	2026-08-16	https://www.gutenberg.org/ebooks/search/?query=On+Interpretation+Aristotle	WAYKEEPER	SOURCE REVIEW REQUIRED / NO FULL TEXT INSTALLED	source-review	On Interpretation	Aristotle
aristotle-prior-analytics	e24a1cb6ef6544aef50cf99531edba4218f9b77b539216ee2f13b466063f6264	1	2026-08-16	https://www.gutenberg.org/ebooks/search/?query=Prior+Analytics+Aristotle	WAYKEEPER	SOURCE REVIEW REQUIRED / NO FULL TEXT INSTALLED	source-review	Prior Analytics	Aristotle
aristotle-posterior-analytics	aaeeef9045989604627e084152ca7d11edb0015378308c69982b5ee997082204	1	2026-08-16	https://www.gutenberg.org/ebooks/search/?query=Posterior+Analytics+Aristotle	WAYKEEPER	SOURCE REVIEW REQUIRED / NO FULL TEXT INSTALLED	source-review	Posterior Analytics	Aristotle
aristotle-topics	05a51ab608675e11e28ffaab4b6f08b3139dca56fdb636b9156c676b39c59983	1	2026-08-16	https://www.gutenberg.org/ebooks/search/?query=Topics+Aristotle	WAYKEEPER	SOURCE REVIEW REQUIRED / NO FULL TEXT INSTALLED	source-review	Topics	Aristotle
aristotle-rhetoric	f34127d713fd1d779ed5e4829876b9474fbd94dc92d8d90cfb48845912ac1aaf	1	2026-08-16	https://www.gutenberg.org/ebooks/search/?query=Rhetoric+Aristotle	WAYKEEPER	SOURCE REVIEW REQUIRED / NO FULL TEXT INSTALLED	source-review	Rhetoric	Aristotle
aristotle-poetics	49862a456ce183eea279a6c060284391169e69a371bb23153493c7e215f2ca0f	13	2026-08-16	https://www.gutenberg.org/ebooks/20685	Project Gutenberg	PROJECT GUTENBERG PUBLIC-DOMAIN EDITION	full-text	Poetics	Aristotle
lucretius-nature	363b858d5b1c21f5dda0bb6aed8475bd134704bee19e5826adcc21b5fbf57313	215	2026-08-16	https://www.gutenberg.org/ebooks/785	Project Gutenberg	PROJECT GUTENBERG PUBLIC-DOMAIN EDITION	full-text	On the Nature of Things	Lucretius Carus, Titus
diogenes-lives	840d04eb203ac4f1407d5e39bd62e06a0faa2d30758039ef3988d14be5e4a204	417	2026-08-16	https://www.gutenberg.org/ebooks/57342	Project Gutenberg	PROJECT GUTENBERG PUBLIC-DOMAIN EDITION	full-text	The Lives and Opinions of Eminent Philosophers	Diogenes Laertius
cicero-ends	fa93292de3a1c2c04b46495a217fc988b8c574c7b6541d57724fe3155329677b	1	2026-08-16	https://www.gutenberg.org/ebooks/search/?query=Ends+of+Good+and+Evil+Cicero	WAYKEEPER	SOURCE REVIEW REQUIRED / NO FULL TEXT INSTALLED	source-review	On the Ends of Good and Evil	Cicero
cicero-tusculan	61f41b366c397c6075da9f62d1d72a0b0e31778e19097584c63e1fd599680f23	371	2026-08-16	https://www.gutenberg.org/ebooks/14988	Project Gutenberg	PROJECT GUTENBERG PUBLIC-DOMAIN EDITION	full-text	Cicero's Tusculan Disputations: Also, Treatises On The Nature Of The Gods, And On The Commonwealth	Cicero, Marcus Tullius
cicero-republic	b13eed48b4e703cabd5a4724e37dc8d718dcff00c8c67430935dcbd7970b9c4f	78	2026-08-16	https://www.gutenberg.org/ebooks/54161	Project Gutenberg	PROJECT GUTENBERG PUBLIC-DOMAIN EDITION	full-text	The republic of Cicero: Translated from the Latin; and Accompanied With a Critical and Historical Introduction.	Cicero, Marcus Tullius
sextus-pyrrhonism	555b7e47365399b754cdd5ac7a591706848d00b09e0282f3a0f1e3042b07bb4a	1	2026-08-16	https://www.gutenberg.org/ebooks/search/?query=Outlines+Pyrrhonism+Sextus+Empiricus	WAYKEEPER	SOURCE REVIEW REQUIRED / NO FULL TEXT INSTALLED	source-review	Outlines of Pyrrhonism	Sextus Empiricus
plotinus-enneads	9ef4102893b6ec8817ce8ad73c437fda347d6d046c3118576fd4717fb136f155	1	2026-08-16	https://www.gutenberg.org/ebooks/search/?query=Enneads+Plotinus	WAYKEEPER	SOURCE REVIEW REQUIRED / NO FULL TEXT INSTALLED	source-review	The Enneads	Plotinus
porphyry-life-plotinus	2dc6e8349057a290e3ecf2a525244f3c652a6aa2e2e669289da32f3e2a7c3135	1	2026-08-16	https://www.gutenberg.org/ebooks/search/?query=Life+of+Plotinus+Porphyry	WAYKEEPER	SOURCE REVIEW REQUIRED / NO FULL TEXT INSTALLED	source-review	Life of Plotinus	Porphyry
plutarch-lives	cd026a07284d5b1080600a609a7925408327d4368326b9fe797113e9b8c6de29	451	2026-08-16	https://www.gutenberg.org/ebooks/14140	Project Gutenberg	PROJECT GUTENBERG PUBLIC-DOMAIN EDITION	full-text	Plutarch's Lives, Volume 3 (of 4)	Plutarch
bacon-novum-organum	6c0e44430858c553e5fc83d6a441878523d5f8636128a0a6d211f379621dc060	189	2026-08-16	https://www.gutenberg.org/ebooks/45988	Project Gutenberg	PROJECT GUTENBERG PUBLIC-DOMAIN EDITION	full-text	Novum organum : $b or, True suggestions for the interpretation of nature	Bacon, Francis
bacon-advancement-learning	ccfc68fde15f06849e39eec2e2a032ca5f34d4162ade40ecbed44eb888d2f1d5	162	2026-08-16	https://www.gutenberg.org/ebooks/5500	Project Gutenberg	PROJECT GUTENBERG PUBLIC-DOMAIN EDITION	full-text	The Advancement of Learning	Bacon, Francis
descartes-discourse	d3d59e3749b51b8918224414393fe728785da1056c949b4ad7413780d6fc65b8	49	2026-08-16	https://www.gutenberg.org/ebooks/59	Project Gutenberg	PROJECT GUTENBERG PUBLIC-DOMAIN EDITION	full-text	Discourse on the Method of Rightly Conducting One's Reason and of Seeking Truth in the Sciences	Descartes, René
descartes-meditations	dc675d207a9a71f43e4cad8442ddea6bb8eefadd45cef00665ced362cd543729	1	2026-08-16	https://www.gutenberg.org/ebooks/search/?query=Meditations+First+Philosophy+Descartes	WAYKEEPER	SOURCE REVIEW REQUIRED / NO FULL TEXT INSTALLED	source-review	Meditations on First Philosophy	Rene Descartes
spinoza-ethics	f5fb6931907644dc13b30051fa4733e39b5dc2ebc426d0ec4f503669dbdd561f	203	2026-08-16	https://www.gutenberg.org/ebooks/3800	Project Gutenberg	PROJECT GUTENBERG PUBLIC-DOMAIN EDITION	full-text	Ethics	Spinoza, Benedictus de
spinoza-theological-political	fff21b41c1bc8faace89c260dc6f28332be3d67b0d61117740b021e094c60283	60	2026-08-16	https://www.gutenberg.org/ebooks/992	Project Gutenberg	PROJECT GUTENBERG PUBLIC-DOMAIN EDITION	full-text	A Theological-Political Treatise [Part IV]	Spinoza, Benedictus de
leibniz-monadology	c84b2cc1622463d3620f650547658638aa96383f0b43919a832db13c76f12934	1	2026-08-16	https://www.gutenberg.org/ebooks/search/?query=Monadology+Leibniz	WAYKEEPER	SOURCE REVIEW REQUIRED / NO FULL TEXT INSTALLED	source-review	The Monadology	Gottfried Wilhelm Leibniz
berkeley-principles	eedccc7dc5c1c5d1ca0481fcbf8487090c1604b362d66f9d67d741578ad993b0	76	2026-08-16	https://www.gutenberg.org/ebooks/4723	Project Gutenberg	PROJECT GUTENBERG PUBLIC-DOMAIN EDITION	full-text	A Treatise Concerning the Principles of Human Knowledge	Berkeley, George
hume-enquiry	bd6109b183502d08ff86246291f687459358feb491d64c2f401ad9234d76109a	132	2026-08-16	https://www.gutenberg.org/ebooks/9662	Project Gutenberg	PROJECT GUTENBERG PUBLIC-DOMAIN EDITION	full-text	An Enquiry Concerning Human Understanding	Hume, David
hume-treatise	cc2407cc2ca667def80b6d1edd17cd295a9b8aa2e28381f67f20e1c58036ceb5	441	2026-08-16	https://www.gutenberg.org/ebooks/4705	Project Gutenberg	PROJECT GUTENBERG PUBLIC-DOMAIN EDITION	full-text	A Treatise of Human Nature	Hume, David
hume-dialogues	046a29d1c9630adc5d26c4dbf52f5747204546dda94878066c7057dab3cca42b	78	2026-08-16	https://www.gutenberg.org/ebooks/4583	Project Gutenberg	PROJECT GUTENBERG PUBLIC-DOMAIN EDITION	full-text	Dialogues Concerning Natural Religion	Hume, David
kant-critique-pure-reason	66a0a78ac47e35fee23f07bb8a702e76c4e36d17b94a143015ad16e6608af731	424	2026-08-16	https://www.gutenberg.org/ebooks/4280	Project Gutenberg	PROJECT GUTENBERG PUBLIC-DOMAIN EDITION	full-text	The Critique of Pure Reason	Kant, Immanuel
kant-groundwork	dbd37b5877bedd82127803e1390854638ab2e38eec4b2b00ae00a69a1fa22ae5	1	2026-08-16	https://www.gutenberg.org/ebooks/search/?query=Groundwork+Metaphysics+Morals+Kant	WAYKEEPER	SOURCE REVIEW REQUIRED / NO FULL TEXT INSTALLED	source-review	Groundwork of the Metaphysics of Morals	Immanuel Kant
mill-system-logic	d34cb348aac163ac01708f374bb22178558e507bb1ff4115a5648e7c94546240	774	2026-08-16	https://www.gutenberg.org/ebooks/27942	Project Gutenberg	PROJECT GUTENBERG PUBLIC-DOMAIN EDITION	full-text	A System of Logic, Ratiocinative and Inductive	Mill, John Stuart
peirce-selected-essays	34061f0c28a39d613fbc0566421a4e8fda418bbbc4ba9464cb98d0e99d147549	1	2026-08-16	https://www.gutenberg.org/ebooks/search/?query=Peirce+essays+pragmatism+logic	WAYKEEPER	SOURCE REVIEW REQUIRED / NO FULL TEXT INSTALLED	source-review	Selected Philosophical Essays	Charles Sanders Peirce
james-pragmatism	32b75f9c7c711616882dd78422bf42f06ea1d1846c35d94e2e8d88623586988c	111	2026-08-16	https://www.gutenberg.org/ebooks/5116	Project Gutenberg	PROJECT GUTENBERG PUBLIC-DOMAIN EDITION	full-text	Pragmatism: A New Name for Some Old Ways of Thinking	James, William
russell-problems	931fd8d1580dbe7a7ce7f435bf27795fdcd2c36a36e2fbe8bd5139b8bb720008	88	2026-08-16	https://www.gutenberg.org/ebooks/5827	Project Gutenberg	PROJECT GUTENBERG PUBLIC-DOMAIN EDITION	full-text	The Problems of Philosophy	Russell, Bertrand
wittgenstein-tractatus	89c2d34ca01ccc57ade2b78365a84eb312ca3b032b7f8a34d5ec289548634478	1	2026-08-16	https://www.gutenberg.org/ebooks/search/?query=Tractatus+Logico+Philosophicus+Wittgenstein	WAYKEEPER	SOURCE REVIEW REQUIRED / NO FULL TEXT INSTALLED	source-review	Tractatus Logico-Philosophicus	Ludwig Wittgenstein
whitehead-science-modern-world	d139c0d125d2351eceea29d39b20b75eddd1e12f7e068afae1a793b9c3f44775	176	2026-08-16	https://www.gutenberg.org/ebooks/68611	Project Gutenberg	PROJECT GUTENBERG PUBLIC-DOMAIN EDITION	full-text	Science and the modern world	Whitehead, Alfred North
emerson-nature	809d1cbf2bddb418218e43eaf455408fb088174faa71cce1dcc8163a5e0be020	40	2026-08-16	https://www.gutenberg.org/ebooks/29433	Project Gutenberg	PROJECT GUTENBERG PUBLIC-DOMAIN EDITION	full-text	Nature	Emerson, Ralph Waldo
thoreau-walden	ebe12f2ac74a65e1383cd02e798e38a6faea8adfd86519da8d460f3fa770fb86	13	2026-08-16	https://www.gutenberg.org/ebooks/26289	Project Gutenberg	PROJECT GUTENBERG PUBLIC-DOMAIN EDITION	full-text	Walden	Thoreau, Henry David
darwin-origin	4a8578ea4f394f78d889c1782ae75cb7c72fd1d1883b2e86dcbc5825f143bc76	332	2026-08-16	https://www.gutenberg.org/ebooks/1228	Project Gutenberg	PROJECT GUTENBERG PUBLIC-DOMAIN EDITION	full-text	On the Origin of Species By Means of Natural Selection: Or, the Preservation of Favoured Races in the Struggle for Life	Darwin, Charles
darwin-descent	0575b3aa0ea01026b7ea50e01c58448ab47e190abae429c5fab28e3aa24f5abe	668	2026-08-16	https://www.gutenberg.org/ebooks/2300	Project Gutenberg	PROJECT GUTENBERG PUBLIC-DOMAIN EDITION	full-text	The Descent of Man, and Selection in Relation to Sex	Darwin, Charles
kropotkin-mutual-aid	89173359656d12059be3325fd90cd717a199f603e9eac854ecade9229d3885ad	192	2026-08-16	https://www.gutenberg.org/ebooks/4341	Project Gutenberg	PROJECT GUTENBERG PUBLIC-DOMAIN EDITION	full-text	Mutual Aid: A Factor of Evolution	Kropotkin, Petr Alekseevich, kniaz
humboldt-cosmos	ae21d31849ee012fa26646b8add1d500b5e08694059a87de6eef2196413b23f7	389	2026-08-16	https://www.gutenberg.org/ebooks/14565	Project Gutenberg	PROJECT GUTENBERG PUBLIC-DOMAIN EDITION	full-text	Cosmos: A Sketch of the Physical Description of the Universe, Vol. 1	Humboldt, Alexander von
marsh-man-nature	b93f17146a2782d2e8f14bf0ec81fb6c122d58e317fc1121f34909d8f3faa174	496	2026-08-16	https://www.gutenberg.org/ebooks/37957	Project Gutenberg	PROJECT GUTENBERG PUBLIC-DOMAIN EDITION	full-text	Man and Nature; Or, Physical Geography as Modified by Human Action	Marsh, George P. (George Perkins)
muir-first-summer	7c2adf5d3194f5a90e4ebf30530490fad6a3ed7be633564172c59989d9db2613	131	2026-08-16	https://www.gutenberg.org/ebooks/32540	Project Gutenberg	PROJECT GUTENBERG PUBLIC-DOMAIN EDITION	full-text	My First Summer in the Sierra	Muir, John
leopold-sand-county	55e852a86c28880918cfdbcc765a261364341a29e3523fff44ffd22d34bdf29c	1	2026-08-16	local bibliographic record	WAYKEEPER	FULL TEXT NOT INCLUDED / LICENSE REQUIRED	license-required	A Sand County Almanac	Aldo Leopold
augustine-confessions	d5204fabb4e08e52db7384571f58de7109db369ba7cb5d6a12aeff8e02693f59	195	2026-08-16	https://www.gutenberg.org/ebooks/3296	Project Gutenberg	PROJECT GUTENBERG PUBLIC-DOMAIN EDITION	full-text	The Confessions of St. Augustine	Augustine, of Hippo, Saint
augustine-city-god	ee6a132cc3d30adb942c17462a3ebb9b81239988e5ccaacb7feae144da6db6b7	456	2026-08-16	https://www.gutenberg.org/ebooks/45304	Project Gutenberg	PROJECT GUTENBERG PUBLIC-DOMAIN EDITION	full-text	The City of God, Volume I	Augustine, of Hippo, Saint
pascal-pensees	e7141da150edae846c4c16ec395fc62e425f5d29e05c2822886124d7241bc2c8	1	2026-08-16	https://www.gutenberg.org/ebooks/search/?query=Pensees+Pascal	WAYKEEPER	SOURCE REVIEW REQUIRED / NO FULL TEXT INSTALLED	source-review	Pensees	Blaise Pascal
schopenhauer-world-will	906c1ce8f7c5e09643a3990a10a5ae87f26a30476af4a6341931d8ea2f0fbb1c	340	2026-08-16	https://www.gutenberg.org/ebooks/38427	Project Gutenberg	PROJECT GUTENBERG PUBLIC-DOMAIN EDITION	full-text	The World as Will and Idea (Vol. 1 of 3)	Schopenhauer, Arthur
schopenhauer-essays	3fd51352b3a957d274944218676531d625534163dd70790c98e39a07c2e94f30	83	2026-08-16	https://www.gutenberg.org/ebooks/10741	Project Gutenberg	PROJECT GUTENBERG PUBLIC-DOMAIN EDITION	full-text	The Essays of Arthur Schopenhauer: the Wisdom of Life	Schopenhauer, Arthur
kierkegaard-fear-trembling	77b0458bbede4b328c63f2765b0e31fe6e78826807d9daffa52987dc359bbc4a	1	2026-08-16	https://www.gutenberg.org/ebooks/search/?query=Fear+and+Trembling+Kierkegaard	WAYKEEPER	SOURCE REVIEW REQUIRED / NO FULL TEXT INSTALLED	source-review	Fear and Trembling	Soren Kierkegaard
kierkegaard-sickness-death	ecb608f5f17782c7b89a486488b6a2f4add5a08e01510b03eaa10c7dc27100a4	1	2026-08-16	local bibliographic record	WAYKEEPER	FULL TEXT NOT INCLUDED / LICENSE REQUIRED	license-required	The Sickness Unto Death	Soren Kierkegaard
nietzsche-zarathustra	a4bfb2f5e52c55d42fd90ca60702a92318a20757c5642aa930c6e446c13065c0	321	2026-08-16	https://www.gutenberg.org/ebooks/1998	Project Gutenberg	PROJECT GUTENBERG PUBLIC-DOMAIN EDITION	full-text	Thus Spake Zarathustra: A Book for All and None	Nietzsche, Friedrich Wilhelm
nietzsche-beyond-good-evil	a091118f70a750627c9691049612803773ee6373ab873cd60e80490c92c673a6	131	2026-08-16	https://www.gutenberg.org/ebooks/4363	Project Gutenberg	PROJECT GUTENBERG PUBLIC-DOMAIN EDITION	full-text	Beyond Good and Evil	Nietzsche, Friedrich Wilhelm
nietzsche-genealogy	656aa47add5c2b6e931884825e944807abd473c540625313cdab75c9a6e8e5aa	118	2026-08-16	https://www.gutenberg.org/ebooks/52319	Project Gutenberg	PROJECT GUTENBERG PUBLIC-DOMAIN EDITION	full-text	The Genealogy of Morals: The Complete Works, Volume Thirteen, edited by Dr. Oscar Levy.	Nietzsche, Friedrich Wilhelm
nietzsche-gay-science	3e1055ea4b04ef3b92a63ec24683b82fff8dc6395b9317a011a8c9202c900240	1	2026-08-16	https://www.gutenberg.org/ebooks/search/?query=Gay+Science+Nietzsche	WAYKEEPER	SOURCE REVIEW REQUIRED / NO FULL TEXT INSTALLED	source-review	The Gay Science	Friedrich Nietzsche
nietzsche-twilight	4d64c1c305cde5764762926b5e9bf3ea90ecbfe00d2166cfcfe93906a4ed1c03	170	2026-08-16	https://www.gutenberg.org/ebooks/52263	Project Gutenberg	PROJECT GUTENBERG PUBLIC-DOMAIN EDITION	full-text	The Twilight of the Idols; or, How to Philosophize with the Hammer. The Antichrist: Complete Works, Volume Sixteen	Nietzsche, Friedrich Wilhelm
nietzsche-birth-tragedy	85d2a29c703445a5ea644092503d8a63b74373e6a0af6a478823b5d8fa01ebe0	117	2026-08-16	https://www.gutenberg.org/ebooks/51356	Project Gutenberg	PROJECT GUTENBERG PUBLIC-DOMAIN EDITION	full-text	The Birth of Tragedy; or, Hellenism and Pessimism	Nietzsche, Friedrich Wilhelm
nietzsche-ecce-homo	03cb66ebb573da13e80f4edee06e14429e3ae9063b7ac14384730d8895c6f0a5	134	2026-08-16	https://www.gutenberg.org/ebooks/52190	Project Gutenberg	PROJECT GUTENBERG PUBLIC-DOMAIN EDITION	full-text	Ecce Homo: Complete Works, Volume Seventeen	Nietzsche, Friedrich Wilhelm
tolstoy-confession	b0d1368eb35a03cfeb4b79ee7c18868fbf3b0e8377df87f447eaeb6c6ebca555	1	2026-08-16	https://www.gutenberg.org/ebooks/search/?query=Confession+Tolstoy	WAYKEEPER	SOURCE REVIEW REQUIRED / NO FULL TEXT INSTALLED	source-review	A Confession	Leo Tolstoy
james-varieties	9ec8bd6060dc94f44120ffc3c1591e9ce0cdc490ae85d22709aa2f4f43164224	401	2026-08-16	https://www.gutenberg.org/ebooks/621	Project Gutenberg	PROJECT GUTENBERG PUBLIC-DOMAIN EDITION	full-text	The Varieties of Religious Experience: A Study in Human Nature	James, William
confucius-analects	fc30f8c4e6128be73db09a9162590ec9bc62c512eb56e758ccb4aab1d74cf6bc	72	2026-08-16	https://www.gutenberg.org/ebooks/3330	Project Gutenberg	PROJECT GUTENBERG PUBLIC-DOMAIN EDITION	full-text	The Analects of Confucius (from the Chinese Classics)	Confucius
mencius	e09274d54266b2e98a2c8ae386f06e1e4f9b7a90310c2805fd55c4b4912bb10f	240	2026-08-16	https://www.gutenberg.org/ebooks/10056	Project Gutenberg	PROJECT GUTENBERG PUBLIC-DOMAIN EDITION	full-text	Chinese literature : $b Comprising the Analects of Confucius, the Sayings of Mencius, the Shi-King, the Travels of Fâ-Hien, and the Sorrows of Han	Faxian; Confucius; Mencius
laozi-tao-te-ching	2aab9653b9b5d3d9e079c7630a691c0d1f2f2d3aac7c96f109ea74c8f1b64f68	1	2026-08-16	https://www.gutenberg.org/ebooks/search/?query=Tao+Te+Ching+Lao+Tzu	WAYKEEPER	SOURCE REVIEW REQUIRED / NO FULL TEXT INSTALLED	source-review	Tao Te Ching	Laozi
zhuangzi	722c2aa4b76cbdc616bcf451a6de6b827e579f9f63867593b630aab4cc5793c6	342	2026-08-16	https://www.gutenberg.org/ebooks/59709	Project Gutenberg	PROJECT GUTENBERG PUBLIC-DOMAIN EDITION	full-text	Chuang Tzu: Mystic, Moralist, and Social Reformer	Zhuangzi
mozi-selected	a509eb0667d99ae947a1d21c59527e1935c2b87fa98418d36a1fd553a775274b	1	2026-08-16	local bibliographic record	WAYKEEPER	FULL TEXT NOT INCLUDED / LICENSE REQUIRED	license-required	Selected Writings of Mozi	Mozi
i-ching	dfb9554f5928ca032378a8aa0942b27cdb365e10916cdc5057802cac211ea2db	1	2026-08-16	local bibliographic record	WAYKEEPER	FULL TEXT NOT INCLUDED / LICENSE REQUIRED	license-required	The I Ching - Book of Changes	Traditional
bhagavad-gita	67ca94df397a3b87299242f46d1eb40a8952a669dda4729742aa3d428716b932	1	2026-08-16	https://www.gutenberg.org/ebooks/search/?query=Bhagavad+Gita	WAYKEEPER	SOURCE REVIEW REQUIRED / NO FULL TEXT INSTALLED	source-review	The Bhagavad Gita	Traditional
upanishads	dfc737cd995d4f5f26cdd88e4a281708dc8f7f949abb14add6785cf474d72676	61	2026-08-16	https://www.gutenberg.org/ebooks/3283	Project Gutenberg	PROJECT GUTENBERG PUBLIC-DOMAIN EDITION	full-text	The Upanishads	Traditional
dhammapada	38daa4a1e2fde68b3ea3f27bf72ad291b27cfdbb195cea5178c57bafe24ae2d8	42	2026-08-16	https://www.gutenberg.org/ebooks/2017	Project Gutenberg	PROJECT GUTENBERG PUBLIC-DOMAIN EDITION	full-text	Dhammapada, a Collection of Verses; Being One of the Canonical Books of the Buddhists	Traditional
sutta-nipata	219f265fdccd665b513e190afa63e412f98c102d1de93d4b912402c35862e639	1	2026-08-16	https://www.gutenberg.org/ebooks/search/?query=Sutta+Nipata	WAYKEEPER	SOURCE REVIEW REQUIRED / NO FULL TEXT INSTALLED	source-review	The Sutta Nipata	Traditional
jataka-selections	fa27c246fa0f982ecc493983cedea7c9db87a3784e0c8334536efc0b4870aee0	359	2026-08-16	https://www.gutenberg.org/ebooks/51880	Project Gutenberg	PROJECT GUTENBERG PUBLIC-DOMAIN EDITION	full-text	Buddhist birth stories; or, Jataka tales, Volume 1	Traditional
patanjali-yoga-sutras	8b326aafe0d8d0cf31866b0d15736cbdec880b2afd298266f59cd4af93b99cae	76	2026-08-16	https://www.gutenberg.org/ebooks/2526	Project Gutenberg	PROJECT GUTENBERG PUBLIC-DOMAIN EDITION	full-text	The Yoga Sutras of Patanjali: The Book of the Spiritual Man	Patañjali
santideva-bodhisattva	1df3ea9d5f07bee6dbca0a1fe4d33a73e66fbe0f8050fc21bde13db8ce9d3eae	1	2026-08-16	local bibliographic record	WAYKEEPER	FULL TEXT NOT INCLUDED / LICENSE REQUIRED	license-required	The Way of the Bodhisattva	Santideva
vivekananda-raja-yoga	1fb1ea4947c559bb692b6d7d1869f73b0dae5e2a7e4d84f00542c6c46cf74e70	1	2026-08-16	https://www.gutenberg.org/ebooks/search/?query=Raja+Yoga+Vivekananda	WAYKEEPER	SOURCE REVIEW REQUIRED / NO FULL TEXT INSTALLED	source-review	Raja Yoga	Swami Vivekananda
tagore-sadhana	a144f78fd1a12585f6de5d168dc02fe9d11d1904558f984de04b2f3b0276c0f7	13	2026-08-16	https://www.gutenberg.org/ebooks/26202	Project Gutenberg	PROJECT GUTENBERG PUBLIC-DOMAIN EDITION	full-text	Sadhana, the Realisation of Life	Tagore, Rabindranath
maimonides-guide	4a7370fe9258b73b8691b2df75e770da5e82ae7c476ddb66dc186d581438c61c	526	2026-08-16	https://www.gutenberg.org/ebooks/73584	Project Gutenberg	PROJECT GUTENBERG PUBLIC-DOMAIN EDITION	full-text	The guide for the perplexed	Maimonides, Moses
maimonides-eight-chapters	66b3d2cd185fc7350fe1620a250b9eecf9836a1a9715b6cd75a93ab1e26f25c6	1	2026-08-16	local bibliographic record	WAYKEEPER	FULL TEXT NOT INCLUDED / LICENSE REQUIRED	license-required	Eight Chapters	Maimonides
ibn-tufail-hayy	aa782c21fead09ad7cf68bb994e4669b189b42e7c25f9125b7e15dc872f2c513	1	2026-08-16	https://www.gutenberg.org/ebooks/search/?query=Hayy+ibn+Yaqzan+Ibn+Tufail	WAYKEEPER	SOURCE REVIEW REQUIRED / NO FULL TEXT INSTALLED	source-review	Hayy ibn Yaqzan	Ibn Tufail
al-ghazali-deliverance	18f8f826be855dfaf003349bebc752bcd0b7f1e3e413b1cd3ff19a4f96838fb1	1	2026-08-16	local bibliographic record	WAYKEEPER	FULL TEXT NOT INCLUDED / LICENSE REQUIRED	license-required	Deliverance from Error	Al-Ghazali
ibn-khaldun-muqaddimah	870e30d0d8beb3b557c704811a516c94e2e53f3c65ddba37c550b7eb30a892a1	1	2026-08-16	local bibliographic record	WAYKEEPER	FULL TEXT NOT INCLUDED / LICENSE REQUIRED	license-required	The Muqaddimah	Ibn Khaldun
saadia-beliefs-opinions	17eb26238eacc0f948a81e9aecd1386fa1f697bfd61a444ed70db9a1e8a3ad6b	1	2026-08-16	local bibliographic record	WAYKEEPER	FULL TEXT NOT INCLUDED / LICENSE REQUIRED	license-required	The Book of Beliefs and Opinions	Saadia Gaon
smith-moral-sentiments	50a80ace30c152de2f50e407b56c66f16d883931ce8615f0b2ffbfb46667f8f5	232	2026-08-16	https://www.gutenberg.org/ebooks/67363	Project Gutenberg	PROJECT GUTENBERG PUBLIC-DOMAIN EDITION	full-text	The Theory of Moral Sentiments: Or, an Essay Towards an Analysis of the Principles by Which Men Naturally Judge Concerning the Conduct and Character, First of Their Neighbours, and Afterwards of Themselves. to Which Is Added, a Dissertation on the Origin of Languages.	Smith, Adam
smith-wealth-nations	204f1692f3e2828f47273e516d8b078253aeb2664f2c8e656796eb720139d73f	699	2026-08-16	https://www.gutenberg.org/ebooks/3300	Project Gutenberg	PROJECT GUTENBERG PUBLIC-DOMAIN EDITION	full-text	An Inquiry into the Nature and Causes of the Wealth of Nations	Smith, Adam
marx-capital-volume-one	c3fba7fc388fef27f0ba532d697463082b46087e5fb7d48826ccac8cec21f5cb	1	2026-08-16	https://www.gutenberg.org/ebooks/search/?query=Capital+Volume+One+Karl+Marx	WAYKEEPER	SOURCE REVIEW REQUIRED / NO FULL TEXT INSTALLED	source-review	Capital - Volume I	Karl Marx
marx-engels-manifesto	cfd84740bd48b13ac9f41590fe70165b3bdd081e802f4ab46cc113131febb180	37	2026-08-16	https://www.gutenberg.org/ebooks/61	Project Gutenberg	PROJECT GUTENBERG PUBLIC-DOMAIN EDITION	full-text	The Communist Manifesto	Marx, Karl; Engels, Friedrich
engels-socialism	78b32b9698aad86d69dc97fb1601a4951bdbc17eb06bc4e6406800e983a6ebd7	62	2026-08-16	https://www.gutenberg.org/ebooks/39257	Project Gutenberg	PROJECT GUTENBERG PUBLIC-DOMAIN EDITION	full-text	Socialism, Utopian and Scientific	Engels, Friedrich
kropotkin-conquest-bread	d45f8f8e9452fcffab6ba1fa4eda039b8c54905fae084e963b644e792681005e	165	2026-08-16	https://www.gutenberg.org/ebooks/23428	Project Gutenberg	PROJECT GUTENBERG PUBLIC-DOMAIN EDITION	full-text	The Conquest of Bread	Kropotkin, Petr Alekseevich, kniaz
bakunin-god-state	54eae95739a181884d36c75e1894819f098d546e317f593b4cdce9f54ebe3cc0	12	2026-08-16	https://www.gutenberg.org/ebooks/20677	Project Gutenberg	PROJECT GUTENBERG PUBLIC-DOMAIN EDITION	full-text	God and the State	Bakunin, Mikhail Aleksandrovich
stirner-ego-own	a85f7ddf779cf4a369bb08fabdb0f85c5fc849f5a9e8f85623953b905f2f6fb0	327	2026-08-16	https://www.gutenberg.org/ebooks/34580	Project Gutenberg	PROJECT GUTENBERG PUBLIC-DOMAIN EDITION	full-text	The Ego and His Own	Stirner, Max
george-progress-poverty	b62509f78d872733e5765a344e6e01d4dae446a8c4b23fa6a1abcff21fe82d1c	368	2026-08-16	https://www.gutenberg.org/ebooks/55308	Project Gutenberg	PROJECT GUTENBERG PUBLIC-DOMAIN EDITION	full-text	Progress and Poverty, Volumes I and II: An Inquiry into the Cause of Industrial Depressions and of Increase of Want with Increase of Wealth	George, Henry
goldman-anarchism	a6922b1941d0005fae9afc962aab01cdf1f61d6743f687c6135653339bb62930	154	2026-08-16	https://www.gutenberg.org/ebooks/2162	Project Gutenberg	PROJECT GUTENBERG PUBLIC-DOMAIN EDITION	full-text	Anarchism and Other Essays	Goldman, Emma
de-cleyre-selected	0e2af90ff51b42bc7609e07817d9fef9eedcc9faeaf018a959f39ad005e164bb	301	2026-08-16	https://www.gutenberg.org/ebooks/43098	Project Gutenberg	PROJECT GUTENBERG PUBLIC-DOMAIN EDITION	full-text	Selected Works of Voltairine de Cleyre	De Cleyre, Voltairine
lenin-state-revolution	8409c29cd9c733f656aec0eeb4aaf4f405a379ef60085e7ad0a16a7a112330ea	1	2026-08-16	https://www.gutenberg.org/ebooks/search/?query=State+and+Revolution+Lenin	WAYKEEPER	SOURCE REVIEW REQUIRED / NO FULL TEXT INSTALLED	source-review	The State and Revolution	Vladimir Lenin
du-bois-souls	ac5dd948f9ff89a63abc917ec9318788c015cd334852cfc2b952d0239eb91371	143	2026-08-16	https://www.gutenberg.org/ebooks/408	Project Gutenberg	PROJECT GUTENBERG PUBLIC-DOMAIN EDITION	full-text	The Souls of Black Folk	Du Bois, W. E. B. (William Edward Burghardt)
washington-up-slavery	70f151c03de47f988f00612dc9f15f9e9a3ed4cec1b6e648012c0820da483d99	151	2026-08-16	https://www.gutenberg.org/ebooks/2376	Project Gutenberg	PROJECT GUTENBERG PUBLIC-DOMAIN EDITION	full-text	Up from Slavery: An Autobiography	Washington, Booker T.
douglass-narrative	c7982781c020cfa67ce5f8a6f03c655622c2a896d2e354010c6d9bacf0fda338	83	2026-08-16	https://www.gutenberg.org/ebooks/23	Project Gutenberg	PROJECT GUTENBERG PUBLIC-DOMAIN EDITION	full-text	Narrative of the Life of Frederick Douglass, an American Slave	Douglass, Frederick
douglass-selected-speeches	683172a245efb3d785af6cf439c7d9f4b72c54a71c27c5d2d7b95e803d200c48	1	2026-08-16	https://www.gutenberg.org/ebooks/search/?query=Frederick+Douglass+speeches	WAYKEEPER	SOURCE REVIEW REQUIRED / NO FULL TEXT INSTALLED	source-review	Selected Speeches of Frederick Douglass	Frederick Douglass
tolstoy-death-ivan	7afd96cee9c734d9ac7e43d27f31bbe02d32948c67b3287d924816f781a88e09	1	2026-08-16	https://www.gutenberg.org/ebooks/search/?query=Death+of+Ivan+Ilyich+Tolstoy	WAYKEEPER	SOURCE REVIEW REQUIRED / NO FULL TEXT INSTALLED	source-review	The Death of Ivan Ilyich	Leo Tolstoy
dostoevsky-brothers-karamazov	5d561ba15acd73d26e8b57846684bc4f44e5aa030e4f1e9b4306c01c1130c20e	754	2026-08-16	https://www.gutenberg.org/ebooks/28054	Project Gutenberg	PROJECT GUTENBERG PUBLIC-DOMAIN EDITION	full-text	The Brothers Karamazov	Dostoyevsky, Fyodor
dostoevsky-notes-underground	d6f58928cab5f0cc30b7974199756c823fc93dedc0be3865227ed0e22c8aca72	96	2026-08-16	https://www.gutenberg.org/ebooks/600	Project Gutenberg	PROJECT GUTENBERG PUBLIC-DOMAIN EDITION	full-text	Notes from the Underground	Dostoyevsky, Fyodor
dostoevsky-crime-punishment	4b5a0757ecc1e7f134e3a5c6a722fc17691698518e4660a166721ba8fb0d6715	450	2026-08-16	https://www.gutenberg.org/ebooks/2554	Project Gutenberg	PROJECT GUTENBERG PUBLIC-DOMAIN EDITION	full-text	Crime and Punishment	Dostoyevsky, Fyodor
melville-moby-dick	c991e4d00eaafba66c66713f3d050543952300f87312a6747fdac1a8eae979e8	447	2026-08-16	https://www.gutenberg.org/ebooks/2701	Project Gutenberg	PROJECT GUTENBERG PUBLIC-DOMAIN EDITION	full-text	Moby Dick; Or, The Whale	Melville, Herman
defoe-robinson-crusoe	0e360cd7e3d532304f0a8a16bf4713d1381751efe385915e14f0c94b7c1d0e22	13	2026-08-16	https://www.gutenberg.org/ebooks/21524	Project Gutenberg	PROJECT GUTENBERG PUBLIC-DOMAIN EDITION	full-text	Robinson Crusoe	Defoe, Daniel
voltaire-candide	be4c4072a5bd83740b66e92f710a243ee4a44788b909c089e042727bc1a31cc1	95	2026-08-16	https://www.gutenberg.org/ebooks/19942	Project Gutenberg	PROJECT GUTENBERG PUBLIC-DOMAIN EDITION	full-text	Candide	Voltaire
swift-gulliver	27b276d68ce471e8b62eda1b186552af3f1046b4167fa9589aa1dd03c01fbfac	14	2026-08-16	https://www.gutenberg.org/ebooks/28946	Project Gutenberg	PROJECT GUTENBERG PUBLIC-DOMAIN EDITION	full-text	Gulliver's Travels	Swift, Jonathan
goethe-faust	2dd393a146b8310d0d25426ae17189cf24454d11a80f2af9aae283dda145116a	189	2026-08-16	https://www.gutenberg.org/ebooks/14591	Project Gutenberg	PROJECT GUTENBERG PUBLIC-DOMAIN EDITION	full-text	Faust [part 1]. Translated Into English in the Original Metres	Goethe, Johann Wolfgang von
dante-divine-comedy	1310e2fd1fea7f3fde1b860120681cc83ff34751ff4315cc68c2671eaf4b9e63	321	2026-08-16	https://www.gutenberg.org/ebooks/8800	Project Gutenberg	PROJECT GUTENBERG PUBLIC-DOMAIN EDITION	full-text	The divine comedy	Dante Alighieri
milton-paradise-lost	4c3c73b1919a143ea07e05dc93bc199e1fa1c30a519d60f2ec0fae99b6bc2ac0	229	2026-08-16	https://www.gutenberg.org/ebooks/20	Project Gutenberg	PROJECT GUTENBERG PUBLIC-DOMAIN EDITION	full-text	Paradise Lost	Milton, John
sophocles-antigone	6eb1b0964cae9742042802e436c6ebdc39c5b5ff088e586f52f0260a37785bc0	185	2026-08-16	https://www.gutenberg.org/ebooks/31	Project Gutenberg	PROJECT GUTENBERG PUBLIC-DOMAIN EDITION	full-text	Plays of Sophocles: Oedipus the King; Oedipus at Colonus; Antigone	Sophocles
aeschylus-oresteia	974bf2982cffb616f8741644ba63b5f59dacdd121df2fbb7756f6450d966aeae	1	2026-08-16	https://www.gutenberg.org/ebooks/search/?query=Oresteia+Aeschylus	WAYKEEPER	SOURCE REVIEW REQUIRED / NO FULL TEXT INSTALLED	source-review	The Oresteia	Aeschylus
shakespeare-hamlet	23632bff9cc3d4a57b0edef373aee724f703b66aa7afd5833a2c437fae370237	130	2026-08-16	https://www.gutenberg.org/ebooks/27761	Project Gutenberg	PROJECT GUTENBERG PUBLIC-DOMAIN EDITION	full-text	Hamlet	Shakespeare, William
shakespeare-king-lear	7dd812e8caccc8b008cc02da8164296219cb4c8e2506e546539df15e30993a34	131	2026-08-16	https://www.gutenberg.org/ebooks/1532	Project Gutenberg	PROJECT GUTENBERG PUBLIC-DOMAIN EDITION	full-text	King Lear	Shakespeare, William
shakespeare-macbeth	4013546b1f00ff7243ea05fc2957dfdb81868d94309bac661b04eee5b6afd745	92	2026-08-16	https://www.gutenberg.org/ebooks/1533	Project Gutenberg	PROJECT GUTENBERG PUBLIC-DOMAIN EDITION	full-text	Macbeth	Shakespeare, William
shakespeare-tempest	5db41dcf50258bd9d7493d6083cd2d6807bcff313e669243d56f029057ee2080	85	2026-08-16	https://www.gutenberg.org/ebooks/1540	Project Gutenberg	PROJECT GUTENBERG PUBLIC-DOMAIN EDITION	full-text	The Tempest	Shakespeare, William
shelley-frankenstein	5ccb1cf848796d71dfa9ff4c5a0d1ba156a4413e91a9074a07676eaf9c6cb046	156	2026-08-16	https://www.gutenberg.org/ebooks/84	Project Gutenberg	PROJECT GUTENBERG PUBLIC-DOMAIN EDITION	full-text	Frankenstein; or, the modern prometheus	Shelley, Mary Wollstonecraft
wells-time-machine	7ab5910e58674ab4c570ab5ba12541904f9e0ff6a21b989c50f89fa9c91c60f4	72	2026-08-16	https://www.gutenberg.org/ebooks/35	Project Gutenberg	PROJECT GUTENBERG PUBLIC-DOMAIN EDITION	full-text	The Time Machine	Wells, H. G. (Herbert George)
wells-war-worlds	b63c1c1f7f0a823aa8db357e25fa2aa13e0e7f029b8c9fb28743d2203d8eea04	136	2026-08-16	https://www.gutenberg.org/ebooks/36	Project Gutenberg	PROJECT GUTENBERG PUBLIC-DOMAIN EDITION	full-text	The war of the worlds	Wells, H. G. (Herbert George)
london-sea-wolf	b8080a742db322148792b403e4e90390e660fe46d8f82b517eac219e124102d8	238	2026-08-16	https://www.gutenberg.org/ebooks/1074	Project Gutenberg	PROJECT GUTENBERG PUBLIC-DOMAIN EDITION	full-text	The Sea-Wolf	London, Jack
conrad-heart-darkness	25aaaad6bcb16226ae476f4b05dcb39c70518977214baf251b854126ebdfdde8	75	2026-08-16	https://www.gutenberg.org/ebooks/219	Project Gutenberg	PROJECT GUTENBERG PUBLIC-DOMAIN EDITION	full-text	Heart of Darkness	Conrad, Joseph
chesterton-man-thursday	5ea0865455a963d0d7c93dbed0272aa09c28b8925361e3c6d0ca02a76de132ca	140	2026-08-16	https://www.gutenberg.org/ebooks/1695	Project Gutenberg	PROJECT GUTENBERG PUBLIC-DOMAIN EDITION	full-text	The Man Who Was Thursday: A Nightmare	Chesterton, G. K. (Gilbert Keith)
arendt-human-condition	53bc894d1335ee88926ceb69a16cb17b0d06079f254ef50c2bcc039f4f37b424	1	2026-08-16	local bibliographic record	WAYKEEPER	FULL TEXT NOT INCLUDED / LICENSE REQUIRED	license-required	The Human Condition	Hannah Arendt
camus-myth-sisyphus	a729aa83420e6b170b400f25727c846bb012e21c27968f81aa769bd9bdff6c29	1	2026-08-16	local bibliographic record	WAYKEEPER	FULL TEXT NOT INCLUDED / LICENSE REQUIRED	license-required	The Myth of Sisyphus	Albert Camus
sartre-being-nothingness	b43d4b15573445211e17132ca2a17f0786d733bda1c163c41808818bb446e00f	1	2026-08-16	local bibliographic record	WAYKEEPER	FULL TEXT NOT INCLUDED / LICENSE REQUIRED	license-required	Being and Nothingness	Jean-Paul Sartre
beauvoir-ethics-ambiguity	1b692993efb27cfeac744f49629659ee2ed8342f1c351a34fc55c59a73bf4c55	1	2026-08-16	local bibliographic record	WAYKEEPER	FULL TEXT NOT INCLUDED / LICENSE REQUIRED	license-required	The Ethics of Ambiguity	Simone de Beauvoir
frankl-mans-search	89905eeea3391cd6469602a228d519ad8616af5b16af2bda0fce51f48aec39c9	1	2026-08-16	local bibliographic record	WAYKEEPER	FULL TEXT NOT INCLUDED / LICENSE REQUIRED	license-required	Man's Search for Meaning	Viktor Frankl
popper-open-society	99344543b55cc9d21d6f8e07d193413536166013e06eea1d8198a25c3c7d1dd4	1	2026-08-16	local bibliographic record	WAYKEEPER	FULL TEXT NOT INCLUDED / LICENSE REQUIRED	license-required	The Open Society and Its Enemies	Karl Popper
rawls-theory-justice	361a56cf21bf4b512150fac5de83ee4ec0ff83186c8fb846dae98502bd355aa3	1	2026-08-16	local bibliographic record	WAYKEEPER	FULL TEXT NOT INCLUDED / LICENSE REQUIRED	license-required	A Theory of Justice	John Rawls
foucault-discipline-punish	303c998ce81151ce31e45fc325ba266b75cee55a0f964e9ac991d31a2490b4c9	1	2026-08-16	local bibliographic record	WAYKEEPER	FULL TEXT NOT INCLUDED / LICENSE REQUIRED	license-required	Discipline and Punish	Michel Foucault
fanon-wretched-earth	6e70932c324961092cc260b6f7fdbaf984f2d67c516753c992f906a86eb5bea6	1	2026-08-16	local bibliographic record	WAYKEEPER	FULL TEXT NOT INCLUDED / LICENSE REQUIRED	license-required	The Wretched of the Earth	Frantz Fanon
kuhn-scientific-revolutions	f15cffe805d7a38d0adf55cdfc661817fbe6f706e50d860a501a4c7f321f22cb	1	2026-08-16	local bibliographic record	WAYKEEPER	FULL TEXT NOT INCLUDED / LICENSE REQUIRED	license-required	The Structure of Scientific Revolutions	Thomas Kuhn
orwell-1984	20023a94737cac9270c779498824164b50455852505456cad8fdcd44e4a4f4f0	1	2026-08-16	local bibliographic record	WAYKEEPER	FULL TEXT NOT INCLUDED / LICENSE REQUIRED	license-required	Nineteen Eighty-Four	George Orwell
fromm-art-loving	7d8e6e8fbd3c93df1c7f92e5f5ba12cdf80d9cf87b4db11dee7c245dd5d01a0f	1	2026-08-16	local bibliographic record	WAYKEEPER	FULL TEXT NOT INCLUDED / LICENSE REQUIRED	license-required	The Art of Loving	Erich Fromm
hayek-road-serfdom	d19c58524bd0a2ce118772b2c2a29fdd0b0eb89f0accd939db6cb750f141172b	1	2026-08-16	local bibliographic record	WAYKEEPER	FULL TEXT NOT INCLUDED / LICENSE REQUIRED	license-required	The Road to Serfdom	Friedrich Hayek
freire-pedagogy-oppressed	e5d0782db0d6d56e7b58d443df810101ccec86dd58e7cce32a8c70391742b98d	1	2026-08-16	local bibliographic record	WAYKEEPER	FULL TEXT NOT INCLUDED / LICENSE REQUIRED	license-required	Pedagogy of the Oppressed	Paulo Freire
king-strength-love	8d1be8facb824cd5766854656edb1580278ace87e2fcd1fbc9ea1ac8464eab64	1	2026-08-16	local bibliographic record	WAYKEEPER	FULL TEXT NOT INCLUDED / LICENSE REQUIRED	license-required	Strength to Love	Martin Luther King Jr.
baldwin-fire-next-time	5422a17065eb646e9948c0ff045b0e20132860a182227f52bd011422acd368b9	1	2026-08-16	local bibliographic record	WAYKEEPER	FULL TEXT NOT INCLUDED / LICENSE REQUIRED	license-required	The Fire Next Time	James Baldwin
solzhenitsyn-gulag	bbc7acc771471e312924ef55590a7ef4d890ec80a31a2f4d3347d518d773a3ae	1	2026-08-16	local bibliographic record	WAYKEEPER	FULL TEXT NOT INCLUDED / LICENSE REQUIRED	license-required	The Gulag Archipelago	Aleksandr Solzhenitsyn
