id	sha256	pages	downloaded_on
who-herbal-monographs-v1	f0c4dcae255cfb58bde7104472b995d132f0d326b0c14d1ccdffb07fc161e247	297	2026-08-16
who-herbal-monographs-v2	02958c589d02308f7d8fefc86819a92bdc79a6de10705c27fa50ae0ef10c39cb	358	2026-08-16
who-herbal-monographs-v3	a14d4dc741ea4975a4741719e521b54130b0dd5c23d45ef3690248785e7a1942	390	2026-08-16
who-herbal-monographs-v4	0ecc3a9dc5558fd597dc5378b9668904ad11f321c165c776197a774236c05d65	456	2026-08-16
who-herbal-safety-monitoring	5a11d4abcee11116be1bd05df93550263dfa222ebcc4701b19375355657033fa	82	2026-08-16
who-herbal-quality-control	4b19a58a2416850cf40b09ec3109e115300f6d77a1d3cc3f05f20906c606e98a	187	2026-08-16
who-medicinal-plants-gacp	ec38f61d08f8c0bcd970a9eb135fbe6b2caca7ce0f1a08cd1d17ebc6415da7dc	80	2026-08-16
who-herbal-contaminants	e6c8ce92c8021700134ab993404b942d760a3816631769826700393287a333b3	118	2026-08-16
usda-appalachian-medicinal-plants	60f84eb0e97268fa5f34ab4f4c5ffea68a980720e0c5a29eb385a7e929a11d80	296	2026-08-16
upstate-ny-poisonous-plants	09ef7943256f8502b6f12bc66ae31621220d04723ac22d9ca277a90aa412ec5d	2	2026-08-16
